Order_ID,Order_Date,Customer_ID,Customer_Name,City,Product,Category,Brand,Quantity,Unit_Price,Discount_%,Total_Sales,Profit,Payment_Method,Shipping_Method,Order_Status
ORD00001,2026-06-29,CUST0272,Emma Smith,Butwal,Printer,Office,HP,2,202.56,5,384.86,68.84,Bank Transfer,Standard,Processing
ORD00002,2026-02-25,CUST0292,Mason Sharma,Butwal,Monitor,Electronics,LG,1,240.16,5,228.15,25.29,Khalti,Standard,Delivered
ORD00003,2026-04-04,CUST0005,Sita Sharma,Butwal,Mouse,Accessories,Logitech,1,15.24,10,13.72,3.08,Khalti,Standard,Processing
ORD00004,2026-03-21,CUST0166,Mason Sharma,Chitwan,Mouse,Accessories,Logitech,1,28.57,10,25.71,5.65,eSewa,Standard,Delivered
ORD00005,2026-03-22,CUST0266,Noah KC,Lalitpur,Laptop,Electronics,Dell,2,841.67,5,1599.17,209.49,Cash,Express,Processing
ORD00006,2026-03-26,CUST0043,Olivia Thapa,Pokhara,Printer,Office,HP,3,211.94,20,508.66,90.48,Bank Transfer,Standard,Shipped
ORD00007,2026-04-03,CUST0042,Emma Thapa,Pokhara,Tablet,Electronics,Apple,5,511.86,5,2431.34,453.37,Khalti,Standard,Shipped
ORD00008,2026-03-11,CUST0176,Liam Adhikari,Kathmandu,Tablet,Electronics,Apple,5,517.35,15,2198.74,410.69,Bank Transfer,Express,Cancelled
ORD00009,2026-03-07,CUST0169,Emma KC,Pokhara,Mouse,Accessories,Logitech,3,60.51,10,163.38,33.16,Bank Transfer,Express,Processing
ORD00010,2026-04-02,CUST0203,Sophia Adhikari,Lalitpur,Keyboard,Accessories,Logitech,1,39.99,5,37.99,3.84,eSewa,Express,Processing
ORD00011,2026-06-11,CUST0099,Mia Adhikari,Butwal,Mouse,Accessories,Logitech,5,22.34,0,111.7,16.64,Bank Transfer,Standard,Processing
ORD00012,2026-03-26,CUST0167,Sita Adhikari,Pokhara,Monitor,Electronics,LG,1,201.96,5,191.86,34.83,Cash,Standard,Shipped
ORD00013,2026-02-11,CUST0094,Aarav Sharma,Butwal,Monitor,Electronics,LG,5,226.71,15,963.52,87.26,Cash,Standard,Delivered
ORD00014,2026-04-14,CUST0213,Mason Thapa,Biratnagar,Tablet,Electronics,Apple,5,481.84,15,2047.82,509.47,Khalti,Express,Delivered
ORD00015,2026-01-16,CUST0125,Mia Smith,Biratnagar,Smartphone,Electronics,Samsung,2,646.74,5,1228.81,232.25,Card,Standard,Shipped
ORD00016,2026-02-13,CUST0215,Sophia Smith,Lalitpur,Smartphone,Electronics,Samsung,2,666.33,10,1199.39,233.91,Khalti,Standard,Shipped
ORD00017,2026-05-06,CUST0267,Mason Adhikari,Butwal,Keyboard,Accessories,Logitech,2,79.29,0,158.58,27.28,Bank Transfer,Standard,Delivered
ORD00018,2026-02-24,CUST0007,Aarav Thapa,Pokhara,Smartphone,Electronics,Samsung,4,673.52,15,2289.97,391.98,Cash,Standard,Processing
ORD00019,2026-01-26,CUST0122,Bishal Adhikari,Lalitpur,Mouse,Accessories,Logitech,2,23.78,5,45.18,5.67,Card,Express,Shipped
ORD00020,2026-05-14,CUST0151,Olivia KC,Pokhara,Laptop,Electronics,Dell,2,836.28,0,1672.56,393.4,eSewa,Express,Cancelled
ORD00021,2026-05-05,CUST0133,Mia Adhikari,Kathmandu,Printer,Office,HP,4,218.92,5,831.9,165.78,Khalti,Standard,Processing
ORD00022,2026-02-01,CUST0116,Hari KC,Pokhara,Monitor,Electronics,LG,3,214.37,10,578.8,92.76,Bank Transfer,Express,Delivered
ORD00023,2026-06-13,CUST0098,Noah Adhikari,Chitwan,Headphones,Audio,Sony,3,156.74,0,470.22,74.62,Khalti,Express,Shipped
ORD00024,2026-01-25,CUST0108,Olivia Adhikari,Kathmandu,Headphones,Audio,Sony,1,131.95,0,131.95,17.45,eSewa,Express,Cancelled
ORD00025,2026-01-13,CUST0262,Mason Thapa,Kathmandu,Monitor,Electronics,LG,5,201.72,20,806.88,89.36,Card,Standard,Delivered
ORD00026,2026-01-16,CUST0248,Aarav Thapa,Biratnagar,Printer,Office,HP,3,186.84,15,476.44,48.12,Bank Transfer,Express,Shipped
ORD00027,2026-01-26,CUST0122,Liam Adhikari,Lalitpur,Keyboard,Accessories,Logitech,4,31.67,5,120.35,10.04,Card,Express,Processing
ORD00028,2026-01-12,CUST0250,Bishal Sharma,Pokhara,Smartphone,Electronics,Samsung,3,657.62,20,1578.29,276.74,Khalti,Standard,Cancelled
ORD00029,2026-02-20,CUST0200,Aarav Adhikari,Butwal,Tablet,Electronics,Apple,1,496.86,15,422.33,34.41,Cash,Standard,Processing
ORD00030,2026-05-27,CUST0056,Emma Thapa,Kathmandu,Monitor,Electronics,LG,5,220.12,15,935.51,181.08,Bank Transfer,Express,Cancelled
ORD00031,2026-02-05,CUST0271,Mia Sharma,Lalitpur,Headphones,Audio,Sony,4,159.73,0,638.92,91.4,Khalti,Standard,Processing
ORD00032,2026-03-23,CUST0144,Hari Smith,Butwal,Smartphone,Electronics,Samsung,3,658.0,10,1776.6,238.18,Khalti,Express,Cancelled
ORD00033,2026-02-21,CUST0037,Sophia Smith,Pokhara,Printer,Office,HP,4,185.12,10,666.43,139.48,Card,Standard,Processing
ORD00034,2026-03-21,CUST0261,Emma KC,Kathmandu,Smartphone,Electronics,Samsung,2,632.83,10,1139.09,116.09,eSewa,Standard,Shipped
ORD00035,2026-01-31,CUST0068,Olivia Sharma,Pokhara,Headphones,Audio,Sony,2,100.49,5,190.93,38.79,eSewa,Express,Shipped
ORD00036,2026-02-24,CUST0039,Emma Sharma,Biratnagar,Laptop,Electronics,Dell,4,865.89,10,3117.2,776.85,eSewa,Express,Shipped
ORD00037,2026-02-08,CUST0250,Mason Sharma,Butwal,Printer,Office,HP,2,202.5,5,384.75,44.84,Card,Express,Delivered
ORD00038,2026-01-20,CUST0127,Mia KC,Butwal,Monitor,Electronics,LG,3,235.32,5,670.66,163.9,Card,Express,Cancelled
ORD00039,2026-02-14,CUST0299,Emma Thapa,Lalitpur,Smartphone,Electronics,Samsung,4,687.78,10,2476.01,353.75,Card,Standard,Processing
ORD00040,2026-04-05,CUST0129,Hari Sharma,Lalitpur,Smartphone,Electronics,Samsung,1,635.38,0,635.38,145.13,Cash,Standard,Processing
ORD00041,2026-03-05,CUST0265,Sita Adhikari,Lalitpur,Tablet,Electronics,Apple,2,516.41,0,1032.82,128.73,eSewa,Standard,Shipped
ORD00042,2026-03-01,CUST0226,Ava KC,Biratnagar,Laptop,Electronics,Dell,1,882.39,20,705.91,109.05,Bank Transfer,Standard,Delivered
ORD00043,2026-06-02,CUST0258,Ava KC,Butwal,Tablet,Electronics,Apple,5,513.74,5,2440.26,456.75,Card,Standard,Delivered
ORD00044,2026-02-16,CUST0289,Liam KC,Lalitpur,Headphones,Audio,Sony,5,104.77,15,445.27,57.95,Cash,Standard,Delivered
ORD00045,2026-04-05,CUST0141,Emma KC,Pokhara,Tablet,Electronics,Apple,2,485.36,10,873.65,144.6,Cash,Express,Shipped
ORD00046,2026-03-21,CUST0114,Hari Thapa,Biratnagar,Printer,Office,HP,1,194.48,15,165.31,27.34,eSewa,Standard,Shipped
ORD00047,2026-03-06,CUST0089,Hari Sharma,Biratnagar,Headphones,Audio,Sony,3,135.72,10,366.44,49.97,Card,Express,Processing
ORD00048,2026-02-27,CUST0227,Aarav Sharma,Pokhara,Laptop,Electronics,Dell,2,874.92,10,1574.86,316.42,Bank Transfer,Standard,Shipped
ORD00049,2026-03-24,CUST0296,Bishal KC,Pokhara,Tablet,Electronics,Apple,2,533.92,0,1067.84,125.22,Bank Transfer,Express,Shipped
ORD00050,2026-05-06,CUST0178,Sophia KC,Pokhara,Headphones,Audio,Sony,5,149.07,15,633.55,62.12,eSewa,Express,Delivered
ORD00051,2026-01-09,CUST0019,Noah Sharma,Chitwan,Headphones,Audio,Sony,4,145.9,20,466.88,113.81,Bank Transfer,Express,Cancelled
ORD00052,2026-02-09,CUST0099,Liam Sharma,Kathmandu,Monitor,Electronics,LG,3,212.39,0,637.17,84.68,eSewa,Standard,Shipped
ORD00053,2026-03-28,CUST0059,Olivia Thapa,Butwal,Printer,Office,HP,1,201.22,10,181.1,28.3,eSewa,Express,Processing
ORD00054,2026-05-26,CUST0184,Aarav Smith,Kathmandu,Monitor,Electronics,LG,4,211.68,10,762.05,98.32,Khalti,Standard,Cancelled
ORD00055,2026-06-20,CUST0082,Sita Adhikari,Kathmandu,Mouse,Accessories,Logitech,2,47.82,5,90.86,10.71,Bank Transfer,Standard,Cancelled
ORD00056,2026-02-22,CUST0170,Mason KC,Biratnagar,Monitor,Electronics,LG,3,225.66,10,609.28,108.39,Khalti,Standard,Cancelled
ORD00057,2026-04-04,CUST0024,Noah Sharma,Lalitpur,Laptop,Electronics,Dell,4,845.38,5,3212.44,643.86,eSewa,Standard,Delivered
ORD00058,2026-06-10,CUST0206,Liam Thapa,Butwal,Smartphone,Electronics,Samsung,3,679.6,5,1936.86,385.82,Cash,Standard,Delivered
ORD00059,2026-02-05,CUST0149,Hari Smith,Pokhara,Tablet,Electronics,Apple,4,485.33,0,1941.32,177.17,Cash,Standard,Shipped
ORD00060,2026-05-23,CUST0086,Mia KC,Butwal,Keyboard,Accessories,Logitech,4,78.41,10,282.28,47.73,Bank Transfer,Standard,Delivered
ORD00061,2026-03-28,CUST0219,Sophia Thapa,Kathmandu,Keyboard,Accessories,Logitech,5,36.99,5,175.7,25.24,Bank Transfer,Express,Processing
ORD00062,2026-06-18,CUST0132,Mason Thapa,Lalitpur,Keyboard,Accessories,Logitech,5,80.86,10,363.87,47.8,Bank Transfer,Standard,Processing
ORD00063,2026-05-17,CUST0300,Noah Thapa,Lalitpur,Tablet,Electronics,Apple,1,480.62,15,408.53,85.43,eSewa,Standard,Cancelled
ORD00064,2026-04-01,CUST0219,Sita Sharma,Pokhara,Tablet,Electronics,Apple,5,506.06,15,2150.76,230.22,Khalti,Express,Shipped
ORD00065,2026-03-17,CUST0142,Mason Adhikari,Butwal,Monitor,Electronics,LG,4,228.27,15,776.12,169.82,Card,Standard,Processing
ORD00066,2026-01-12,CUST0137,Olivia KC,Biratnagar,Smartphone,Electronics,Samsung,4,671.45,10,2417.22,471.59,eSewa,Standard,Processing
ORD00067,2026-04-01,CUST0059,Bishal Sharma,Lalitpur,Tablet,Electronics,Apple,5,513.65,5,2439.84,481.75,Cash,Express,Delivered
ORD00068,2026-03-26,CUST0270,Bishal Smith,Chitwan,Headphones,Audio,Sony,2,155.08,10,279.14,50.87,eSewa,Standard,Shipped
ORD00069,2026-03-08,CUST0173,Bishal Sharma,Chitwan,Laptop,Electronics,Dell,5,831.26,0,4156.3,853.19,Khalti,Express,Cancelled
ORD00070,2026-03-29,CUST0298,Hari Thapa,Chitwan,Printer,Office,HP,2,204.26,5,388.09,41.73,Khalti,Express,Processing
ORD00071,2026-03-28,CUST0060,Sophia KC,Biratnagar,Mouse,Accessories,Logitech,5,63.28,15,268.94,33.92,Bank Transfer,Standard,Delivered
ORD00072,2026-01-05,CUST0033,Noah Adhikari,Kathmandu,Smartphone,Electronics,Samsung,2,672.05,5,1276.89,233.66,Card,Express,Delivered
ORD00073,2026-01-03,CUST0139,Aarav Sharma,Biratnagar,Keyboard,Accessories,Logitech,4,31.59,15,107.41,11.15,Cash,Express,Processing
ORD00074,2026-02-01,CUST0250,Emma Smith,Kathmandu,Monitor,Electronics,LG,1,227.01,10,204.31,44.14,Bank Transfer,Express,Cancelled
ORD00075,2026-05-26,CUST0195,Sita Adhikari,Biratnagar,Monitor,Electronics,LG,1,208.9,15,177.56,20.9,Cash,Express,Processing
ORD00076,2026-03-16,CUST0255,Mason Adhikari,Butwal,Mouse,Accessories,Logitech,4,49.16,20,157.31,24.3,Bank Transfer,Standard,Cancelled
ORD00077,2026-01-13,CUST0028,Mason Smith,Biratnagar,Mouse,Accessories,Logitech,1,45.98,20,36.78,8.42,Bank Transfer,Standard,Delivered
ORD00078,2026-02-08,CUST0172,Ava Smith,Lalitpur,Keyboard,Accessories,Logitech,3,50.87,10,137.35,11.0,Cash,Standard,Cancelled
ORD00079,2026-02-23,CUST0128,Sophia Smith,Biratnagar,Monitor,Electronics,LG,5,207.39,20,829.56,193.21,eSewa,Standard,Shipped
ORD00080,2026-02-18,CUST0240,Sita Sharma,Pokhara,Mouse,Accessories,Logitech,5,36.41,10,163.84,16.76,eSewa,Express,Processing
ORD00081,2026-02-23,CUST0095,Olivia Sharma,Kathmandu,Printer,Office,HP,4,209.63,5,796.59,121.4,Khalti,Express,Cancelled
ORD00082,2026-04-28,CUST0025,Noah Sharma,Chitwan,Mouse,Accessories,Logitech,4,6.64,15,22.58,4.62,Khalti,Standard,Delivered
ORD00083,2026-03-14,CUST0263,Noah KC,Biratnagar,Monitor,Electronics,LG,5,235.31,0,1176.55,273.76,Card,Standard,Cancelled
ORD00084,2026-05-09,CUST0024,Ava Sharma,Butwal,Mouse,Accessories,Logitech,5,23.9,10,107.55,21.54,eSewa,Standard,Cancelled
ORD00085,2026-05-28,CUST0094,Sophia Adhikari,Kathmandu,Headphones,Audio,Sony,5,116.04,15,493.17,92.92,Card,Standard,Processing
ORD00086,2026-06-29,CUST0178,Liam Sharma,Pokhara,Mouse,Accessories,Logitech,3,8.49,0,25.47,2.67,Cash,Standard,Processing
ORD00087,2026-04-24,CUST0064,Mia Adhikari,Lalitpur,Printer,Office,HP,2,191.79,0,383.58,54.21,Card,Standard,Shipped
ORD00088,2026-03-11,CUST0207,Sita Sharma,Pokhara,Mouse,Accessories,Logitech,5,32.33,20,129.32,19.87,Cash,Express,Delivered
ORD00089,2026-05-25,CUST0230,Hari Smith,Biratnagar,Tablet,Electronics,Apple,3,509.02,20,1221.65,261.77,Bank Transfer,Standard,Cancelled
ORD00090,2026-05-06,CUST0071,Emma Smith,Lalitpur,Headphones,Audio,Sony,4,139.48,10,502.13,70.58,Bank Transfer,Express,Shipped
ORD00091,2026-05-24,CUST0068,Ava Smith,Biratnagar,Tablet,Electronics,Apple,1,511.33,0,511.33,72.72,Cash,Express,Processing
ORD00092,2026-05-22,CUST0165,Noah Thapa,Butwal,Smartphone,Electronics,Samsung,5,680.69,5,3233.28,280.01,Card,Express,Shipped
ORD00093,2026-04-19,CUST0027,Hari Smith,Butwal,Smartphone,Electronics,Samsung,5,651.29,5,3093.63,342.78,Cash,Express,Shipped
ORD00094,2026-04-28,CUST0029,Emma Smith,Lalitpur,Headphones,Audio,Sony,1,144.91,0,144.91,17.32,eSewa,Standard,Processing
ORD00095,2026-04-23,CUST0064,Aarav Smith,Lalitpur,Keyboard,Accessories,Logitech,5,70.55,20,282.2,61.42,eSewa,Standard,Delivered
ORD00096,2026-01-09,CUST0252,Sophia Sharma,Butwal,Monitor,Electronics,LG,2,211.84,15,360.13,65.71,Khalti,Standard,Cancelled
ORD00097,2026-06-13,CUST0224,Olivia Adhikari,Biratnagar,Keyboard,Accessories,Logitech,2,81.51,10,146.72,26.32,Khalti,Express,Processing
ORD00098,2026-01-31,CUST0214,Mia Adhikari,Chitwan,Headphones,Audio,Sony,2,147.33,15,250.46,20.9,Bank Transfer,Express,Shipped
ORD00099,2026-06-30,CUST0143,Hari KC,Biratnagar,Laptop,Electronics,Dell,1,837.21,10,753.49,106.96,Khalti,Standard,Cancelled
ORD00100,2026-05-18,CUST0119,Aarav KC,Biratnagar,Headphones,Audio,Sony,1,152.05,5,144.45,35.25,Cash,Express,Processing
ORD00101,2026-03-03,CUST0266,Emma Smith,Kathmandu,Mouse,Accessories,Logitech,2,18.22,0,36.44,7.96,Bank Transfer,Standard,Delivered
ORD00102,2026-02-01,CUST0293,Ava Adhikari,Butwal,Mouse,Accessories,Logitech,2,64.17,10,115.51,19.63,Bank Transfer,Standard,Processing
ORD00103,2026-01-15,CUST0233,Sita Adhikari,Kathmandu,Monitor,Electronics,LG,5,206.82,0,1034.1,253.03,Card,Express,Delivered
ORD00104,2026-05-28,CUST0096,Sophia Smith,Kathmandu,Keyboard,Accessories,Logitech,3,30.48,5,86.87,10.6,Card,Standard,Processing
ORD00105,2026-03-08,CUST0005,Noah Thapa,Butwal,Laptop,Electronics,Dell,5,862.41,5,4096.45,463.27,eSewa,Standard,Delivered
ORD00106,2026-02-20,CUST0254,Emma Smith,Biratnagar,Tablet,Electronics,Apple,1,486.67,0,486.67,109.71,Bank Transfer,Standard,Delivered
ORD00107,2026-03-01,CUST0253,Liam Sharma,Butwal,Laptop,Electronics,Dell,3,887.13,0,2661.39,614.74,eSewa,Standard,Delivered
ORD00108,2026-05-17,CUST0240,Olivia KC,Kathmandu,Keyboard,Accessories,Logitech,5,47.96,10,215.82,41.01,Khalti,Express,Delivered
ORD00109,2026-04-10,CUST0088,Hari KC,Kathmandu,Monitor,Electronics,LG,2,209.71,10,377.48,94.02,Khalti,Standard,Cancelled
ORD00110,2026-06-06,CUST0024,Hari Smith,Biratnagar,Tablet,Electronics,Apple,2,522.58,10,940.64,212.02,Khalti,Standard,Processing
ORD00111,2026-06-22,CUST0242,Ava KC,Pokhara,Laptop,Electronics,Dell,2,877.03,10,1578.65,378.06,Cash,Express,Processing
ORD00112,2026-01-27,CUST0047,Aarav Sharma,Chitwan,Laptop,Electronics,Dell,2,869.76,0,1739.52,185.35,Khalti,Express,Processing
ORD00113,2026-02-14,CUST0026,Sita Thapa,Butwal,Headphones,Audio,Sony,1,100.66,5,95.63,16.6,eSewa,Express,Processing
ORD00114,2026-03-20,CUST0104,Olivia Sharma,Kathmandu,Headphones,Audio,Sony,2,156.65,5,297.63,70.43,Bank Transfer,Express,Cancelled
ORD00115,2026-01-31,CUST0253,Hari Sharma,Lalitpur,Smartphone,Electronics,Samsung,5,642.09,5,3049.93,760.77,Khalti,Standard,Shipped
ORD00116,2026-01-28,CUST0019,Noah KC,Kathmandu,Mouse,Accessories,Logitech,2,44.68,0,89.36,21.27,Cash,Standard,Delivered
ORD00117,2026-04-30,CUST0282,Aarav KC,Lalitpur,Mouse,Accessories,Logitech,2,46.47,5,88.29,8.09,Khalti,Express,Delivered
ORD00118,2026-02-23,CUST0236,Hari Sharma,Lalitpur,Monitor,Electronics,LG,4,227.91,0,911.64,197.15,Cash,Standard,Processing
ORD00119,2026-04-17,CUST0284,Hari Thapa,Kathmandu,Mouse,Accessories,Logitech,1,33.59,5,31.91,5.73,Cash,Standard,Shipped
ORD00120,2026-05-02,CUST0256,Noah Sharma,Pokhara,Keyboard,Accessories,Logitech,2,28.54,15,48.52,10.87,Bank Transfer,Express,Shipped
ORD00121,2026-02-19,CUST0098,Sophia Smith,Butwal,Printer,Office,HP,4,183.89,5,698.78,71.74,Khalti,Express,Processing
ORD00122,2026-02-28,CUST0163,Ava Sharma,Chitwan,Monitor,Electronics,LG,4,236.07,20,755.42,156.89,Cash,Express,Delivered
ORD00123,2026-01-06,CUST0036,Mason KC,Kathmandu,Printer,Office,HP,5,194.51,5,923.92,88.77,Cash,Standard,Cancelled
ORD00124,2026-04-08,CUST0255,Noah Adhikari,Lalitpur,Mouse,Accessories,Logitech,3,20.22,15,51.56,8.12,Bank Transfer,Standard,Shipped
ORD00125,2026-02-26,CUST0126,Mia KC,Lalitpur,Keyboard,Accessories,Logitech,3,43.03,15,109.73,15.06,Khalti,Express,Shipped
ORD00126,2026-06-22,CUST0217,Noah KC,Pokhara,Printer,Office,HP,5,170.75,10,768.38,103.66,Bank Transfer,Express,Delivered
ORD00127,2026-03-22,CUST0155,Sita Sharma,Biratnagar,Laptop,Electronics,Dell,1,860.75,10,774.68,76.33,Cash,Express,Delivered
ORD00128,2026-04-15,CUST0179,Bishal Sharma,Pokhara,Printer,Office,HP,5,200.32,5,951.52,129.38,Card,Standard,Cancelled
ORD00129,2026-05-03,CUST0017,Noah Sharma,Chitwan,Printer,Office,HP,1,186.91,20,149.53,16.36,Cash,Standard,Processing
ORD00130,2026-04-23,CUST0040,Noah Adhikari,Kathmandu,Headphones,Audio,Sony,3,133.72,5,381.1,52.4,Khalti,Express,Delivered
ORD00131,2026-06-10,CUST0078,Sita KC,Chitwan,Printer,Office,HP,3,212.29,15,541.34,128.57,Cash,Standard,Processing
ORD00132,2026-06-22,CUST0230,Liam Smith,Kathmandu,Smartphone,Electronics,Samsung,3,683.43,0,2050.29,317.7,Cash,Express,Cancelled
ORD00133,2026-01-10,CUST0038,Aarav Smith,Kathmandu,Monitor,Electronics,LG,3,212.47,20,509.93,124.13,Cash,Standard,Processing
ORD00134,2026-04-23,CUST0056,Emma Sharma,Pokhara,Monitor,Electronics,LG,1,213.4,5,202.73,35.59,Bank Transfer,Standard,Shipped
ORD00135,2026-02-05,CUST0267,Emma Smith,Butwal,Headphones,Audio,Sony,1,124.26,20,99.41,14.07,Card,Standard,Processing
ORD00136,2026-03-23,CUST0293,Hari Thapa,Butwal,Smartphone,Electronics,Samsung,2,670.68,15,1140.16,160.91,Bank Transfer,Express,Delivered
ORD00137,2026-02-02,CUST0012,Hari Sharma,Pokhara,Tablet,Electronics,Apple,1,535.23,15,454.95,89.86,eSewa,Standard,Processing
ORD00138,2026-06-25,CUST0145,Liam Adhikari,Butwal,Smartphone,Electronics,Samsung,5,633.93,0,3169.65,767.03,eSewa,Standard,Processing
ORD00139,2026-03-12,CUST0013,Ava KC,Chitwan,Laptop,Electronics,Dell,2,872.99,0,1745.98,348.72,Bank Transfer,Standard,Cancelled
ORD00140,2026-01-18,CUST0163,Olivia Sharma,Pokhara,Smartphone,Electronics,Samsung,1,634.53,10,571.08,66.24,eSewa,Express,Shipped
ORD00141,2026-03-05,CUST0027,Olivia KC,Kathmandu,Mouse,Accessories,Logitech,3,29.82,0,89.46,7.68,Card,Standard,Delivered
ORD00142,2026-02-25,CUST0253,Sita Adhikari,Butwal,Monitor,Electronics,LG,1,231.05,5,219.5,35.32,eSewa,Express,Shipped
ORD00143,2026-06-11,CUST0150,Ava Sharma,Kathmandu,Printer,Office,HP,3,179.79,0,539.37,69.87,Bank Transfer,Standard,Shipped
ORD00144,2026-03-04,CUST0172,Liam Adhikari,Pokhara,Monitor,Electronics,LG,4,223.97,10,806.29,103.69,Card,Standard,Processing
ORD00145,2026-03-29,CUST0282,Noah Adhikari,Butwal,Laptop,Electronics,Dell,1,876.32,0,876.32,176.54,Cash,Express,Shipped
ORD00146,2026-01-16,CUST0092,Noah Thapa,Chitwan,Monitor,Electronics,LG,2,231.15,20,369.84,69.49,Cash,Standard,Shipped
ORD00147,2026-04-23,CUST0135,Sita Adhikari,Lalitpur,Keyboard,Accessories,Logitech,2,72.66,0,145.32,35.65,Card,Express,Processing
ORD00148,2026-03-26,CUST0117,Mia Adhikari,Kathmandu,Keyboard,Accessories,Logitech,1,63.69,5,60.51,9.3,Card,Express,Processing
ORD00149,2026-06-26,CUST0266,Aarav Sharma,Lalitpur,Smartphone,Electronics,Samsung,3,655.53,0,1966.59,330.6,Bank Transfer,Standard,Delivered
ORD00150,2026-03-02,CUST0139,Mason Sharma,Pokhara,Headphones,Audio,Sony,3,119.22,20,286.13,40.89,Khalti,Express,Processing
ORD00151,2026-06-20,CUST0042,Mia Adhikari,Lalitpur,Printer,Office,HP,5,171.61,5,815.15,154.09,Cash,Express,Shipped
ORD00152,2026-06-19,CUST0162,Sita Adhikari,Chitwan,Smartphone,Electronics,Samsung,4,665.39,0,2661.56,620.75,Khalti,Express,Delivered
ORD00153,2026-04-08,CUST0061,Mason Smith,Butwal,Mouse,Accessories,Logitech,1,38.5,0,38.5,6.96,eSewa,Standard,Processing
ORD00154,2026-04-15,CUST0181,Mason Thapa,Lalitpur,Laptop,Electronics,Dell,5,836.99,10,3766.45,796.06,Card,Standard,Delivered
ORD00155,2026-03-23,CUST0080,Sophia Smith,Kathmandu,Monitor,Electronics,LG,1,207.04,5,196.69,34.96,Khalti,Standard,Shipped
ORD00156,2026-05-13,CUST0106,Emma Adhikari,Lalitpur,Tablet,Electronics,Apple,5,535.88,10,2411.46,415.5,eSewa,Standard,Shipped
ORD00157,2026-04-13,CUST0090,Olivia Sharma,Biratnagar,Printer,Office,HP,5,209.27,15,889.4,161.37,Card,Express,Cancelled
ORD00158,2026-03-29,CUST0038,Bishal Smith,Lalitpur,Smartphone,Electronics,Samsung,4,636.72,10,2292.19,201.31,Bank Transfer,Express,Shipped
ORD00159,2026-06-26,CUST0163,Bishal Sharma,Biratnagar,Headphones,Audio,Sony,1,114.56,10,103.1,24.99,Khalti,Standard,Cancelled
ORD00160,2026-03-31,CUST0281,Ava Thapa,Lalitpur,Headphones,Audio,Sony,3,157.72,10,425.84,62.18,eSewa,Standard,Shipped
ORD00161,2026-06-09,CUST0201,Ava Sharma,Lalitpur,Mouse,Accessories,Logitech,2,51.22,0,102.44,22.65,eSewa,Standard,Shipped
ORD00162,2026-01-24,CUST0226,Sita Sharma,Pokhara,Printer,Office,HP,3,186.67,5,532.01,125.48,Cash,Standard,Delivered
ORD00163,2026-04-02,CUST0295,Sita Smith,Kathmandu,Smartphone,Electronics,Samsung,5,676.75,15,2876.19,705.63,Khalti,Express,Processing
ORD00164,2026-05-08,CUST0153,Ava Adhikari,Biratnagar,Monitor,Electronics,LG,2,221.88,15,377.2,35.61,eSewa,Standard,Delivered
ORD00165,2026-03-14,CUST0130,Mia Sharma,Lalitpur,Keyboard,Accessories,Logitech,3,62.55,15,159.5,39.64,Khalti,Standard,Cancelled
ORD00166,2026-06-19,CUST0240,Sophia Sharma,Lalitpur,Laptop,Electronics,Dell,1,887.82,20,710.26,129.78,Bank Transfer,Standard,Shipped
ORD00167,2026-03-06,CUST0137,Liam Sharma,Pokhara,Monitor,Electronics,LG,1,258.3,5,245.38,24.44,Cash,Express,Cancelled
ORD00168,2026-06-19,CUST0096,Liam Thapa,Biratnagar,Keyboard,Accessories,Logitech,3,28.43,10,76.76,10.08,eSewa,Standard,Delivered
ORD00169,2026-04-08,CUST0047,Sita Smith,Lalitpur,Printer,Office,HP,5,166.48,5,790.78,175.68,Cash,Express,Processing
ORD00170,2026-01-18,CUST0296,Sita KC,Biratnagar,Smartphone,Electronics,Samsung,1,648.9,15,551.56,105.21,eSewa,Standard,Processing
ORD00171,2026-01-04,CUST0253,Bishal KC,Pokhara,Tablet,Electronics,Apple,4,495.75,0,1983.0,336.26,Cash,Express,Cancelled
ORD00172,2026-05-14,CUST0021,Mia Thapa,Kathmandu,Smartphone,Electronics,Samsung,4,670.25,5,2546.95,631.75,eSewa,Standard,Shipped
ORD00173,2026-05-02,CUST0114,Liam Sharma,Kathmandu,Laptop,Electronics,Dell,2,838.47,5,1593.09,188.42,Khalti,Standard,Delivered
ORD00174,2026-01-04,CUST0277,Bishal Thapa,Pokhara,Headphones,Audio,Sony,5,116.97,20,467.88,108.06,Card,Standard,Processing
ORD00175,2026-02-18,CUST0153,Mia Thapa,Biratnagar,Keyboard,Accessories,Logitech,4,73.81,0,295.24,62.04,Card,Express,Shipped
ORD00176,2026-01-23,CUST0241,Ava Smith,Chitwan,Keyboard,Accessories,Logitech,5,57.76,0,288.8,41.65,Bank Transfer,Standard,Cancelled
ORD00177,2026-05-05,CUST0095,Mia Adhikari,Biratnagar,Tablet,Electronics,Apple,5,538.72,10,2424.24,596.6,Bank Transfer,Standard,Delivered
ORD00178,2026-02-26,CUST0011,Emma Sharma,Butwal,Mouse,Accessories,Logitech,4,50.63,10,182.27,25.09,Khalti,Standard,Processing
ORD00179,2026-06-14,CUST0012,Mia Adhikari,Butwal,Laptop,Electronics,Dell,1,832.63,20,666.1,138.73,Card,Express,Shipped
ORD00180,2026-05-12,CUST0269,Mason Sharma,Pokhara,Keyboard,Accessories,Logitech,3,76.38,10,206.23,26.84,eSewa,Standard,Processing
ORD00181,2026-01-03,CUST0238,Liam Smith,Kathmandu,Laptop,Electronics,Dell,1,863.64,15,734.09,71.61,Card,Standard,Shipped
ORD00182,2026-06-27,CUST0172,Mia Adhikari,Lalitpur,Monitor,Electronics,LG,2,239.83,20,383.73,52.5,Khalti,Standard,Delivered
ORD00183,2026-03-11,CUST0129,Emma Adhikari,Biratnagar,Headphones,Audio,Sony,4,155.2,0,620.8,105.75,eSewa,Standard,Shipped
ORD00184,2026-01-06,CUST0156,Olivia Smith,Lalitpur,Keyboard,Accessories,Logitech,4,49.44,5,187.87,30.61,eSewa,Standard,Shipped
ORD00185,2026-05-01,CUST0257,Liam Thapa,Pokhara,Keyboard,Accessories,Logitech,4,27.8,15,94.52,21.48,Cash,Standard,Cancelled
ORD00186,2026-01-05,CUST0174,Emma Thapa,Chitwan,Laptop,Electronics,Dell,2,845.29,0,1690.58,268.41,Khalti,Standard,Delivered
ORD00187,2026-01-25,CUST0224,Aarav Sharma,Butwal,Monitor,Electronics,LG,1,222.68,10,200.41,47.63,Card,Standard,Processing
ORD00188,2026-03-27,CUST0249,Sita Adhikari,Butwal,Tablet,Electronics,Apple,2,483.71,10,870.68,97.64,Khalti,Standard,Cancelled
ORD00189,2026-01-08,CUST0068,Aarav Adhikari,Biratnagar,Printer,Office,HP,4,165.43,5,628.63,146.88,eSewa,Standard,Delivered
ORD00190,2026-05-31,CUST0297,Sophia Thapa,Butwal,Mouse,Accessories,Logitech,1,20.4,15,17.34,4.17,Khalti,Express,Delivered
ORD00191,2026-06-10,CUST0222,Emma Smith,Biratnagar,Mouse,Accessories,Logitech,1,63.23,10,56.91,5.84,Bank Transfer,Standard,Cancelled
ORD00192,2026-05-17,CUST0208,Bishal Smith,Lalitpur,Headphones,Audio,Sony,2,123.37,20,197.39,38.49,Cash,Standard,Shipped
ORD00193,2026-05-24,CUST0051,Mason Adhikari,Biratnagar,Mouse,Accessories,Logitech,2,8.66,5,16.45,1.84,eSewa,Standard,Delivered
ORD00194,2026-03-14,CUST0288,Emma Sharma,Kathmandu,Monitor,Electronics,LG,3,249.45,5,710.93,137.24,Cash,Standard,Processing
ORD00195,2026-04-05,CUST0267,Sita Adhikari,Biratnagar,Headphones,Audio,Sony,4,125.26,5,475.99,77.63,Khalti,Express,Cancelled
ORD00196,2026-01-12,CUST0013,Aarav Sharma,Biratnagar,Headphones,Audio,Sony,1,157.84,0,157.84,25.77,Card,Standard,Cancelled
ORD00197,2026-05-08,CUST0171,Hari Smith,Pokhara,Headphones,Audio,Sony,4,116.13,0,464.52,103.66,Khalti,Standard,Cancelled
ORD00198,2026-02-15,CUST0066,Liam Smith,Lalitpur,Printer,Office,HP,5,170.06,15,722.75,153.29,Card,Standard,Cancelled
ORD00199,2026-05-28,CUST0293,Hari Sharma,Lalitpur,Printer,Office,HP,1,194.31,0,194.31,43.86,Cash,Express,Shipped
ORD00200,2026-03-31,CUST0277,Emma Thapa,Pokhara,Laptop,Electronics,Dell,2,833.62,0,1667.24,240.21,Bank Transfer,Standard,Cancelled
ORD00201,2026-03-20,CUST0010,Bishal Smith,Pokhara,Tablet,Electronics,Apple,2,490.85,10,883.53,155.11,Cash,Standard,Delivered
ORD00202,2026-03-13,CUST0226,Olivia KC,Chitwan,Mouse,Accessories,Logitech,5,20.06,0,100.3,14.58,eSewa,Express,Delivered
ORD00203,2026-05-12,CUST0033,Sita KC,Butwal,Mouse,Accessories,Logitech,1,6.45,0,6.45,1.58,Cash,Express,Processing
ORD00204,2026-01-09,CUST0185,Hari Adhikari,Butwal,Smartphone,Electronics,Samsung,5,686.18,15,2916.26,304.34,Card,Express,Cancelled
ORD00205,2026-06-05,CUST0157,Aarav Adhikari,Lalitpur,Smartphone,Electronics,Samsung,2,644.78,20,1031.65,249.69,Card,Express,Processing
ORD00206,2026-05-04,CUST0166,Sophia Sharma,Pokhara,Keyboard,Accessories,Logitech,5,39.63,15,168.43,40.53,Khalti,Express,Delivered
ORD00207,2026-05-16,CUST0195,Liam Sharma,Biratnagar,Headphones,Audio,Sony,4,125.84,10,453.02,107.25,Khalti,Express,Cancelled
ORD00208,2026-05-31,CUST0173,Noah Sharma,Pokhara,Mouse,Accessories,Logitech,5,40.0,20,160.0,35.91,Khalti,Express,Shipped
ORD00209,2026-02-12,CUST0261,Liam Thapa,Kathmandu,Tablet,Electronics,Apple,4,516.75,20,1653.6,315.91,Khalti,Standard,Cancelled
ORD00210,2026-01-01,CUST0082,Sita Smith,Pokhara,Keyboard,Accessories,Logitech,2,27.4,5,52.06,10.11,Bank Transfer,Standard,Delivered
ORD00211,2026-01-03,CUST0146,Bishal Smith,Butwal,Mouse,Accessories,Logitech,1,21.91,15,18.62,2.81,Cash,Express,Shipped
ORD00212,2026-04-23,CUST0027,Mason Adhikari,Biratnagar,Printer,Office,HP,4,205.63,0,822.52,103.22,eSewa,Express,Cancelled
ORD00213,2026-06-28,CUST0025,Hari Smith,Kathmandu,Headphones,Audio,Sony,4,159.82,5,607.32,111.58,Khalti,Standard,Delivered
ORD00214,2026-06-16,CUST0119,Sita Adhikari,Chitwan,Monitor,Electronics,LG,2,257.38,15,437.55,66.03,Cash,Standard,Shipped
ORD00215,2026-05-19,CUST0175,Sita KC,Chitwan,Mouse,Accessories,Logitech,1,64.61,10,58.15,10.75,Cash,Express,Cancelled
ORD00216,2026-06-22,CUST0290,Mia KC,Lalitpur,Headphones,Audio,Sony,4,136.38,20,436.42,38.65,Card,Standard,Cancelled
ORD00217,2026-04-09,CUST0261,Mason Adhikari,Chitwan,Keyboard,Accessories,Logitech,2,83.07,5,157.83,37.89,Cash,Express,Delivered
ORD00218,2026-03-03,CUST0274,Hari Adhikari,Butwal,Smartphone,Electronics,Samsung,1,630.9,0,630.9,66.38,Khalti,Express,Delivered
ORD00219,2026-01-30,CUST0013,Olivia Smith,Kathmandu,Laptop,Electronics,Dell,1,839.38,10,755.44,142.88,Cash,Express,Shipped
ORD00220,2026-04-12,CUST0118,Hari Sharma,Pokhara,Keyboard,Accessories,Logitech,3,72.98,0,218.94,18.43,Cash,Express,Cancelled
ORD00221,2026-02-01,CUST0030,Liam Smith,Butwal,Laptop,Electronics,Dell,3,872.89,15,2225.87,422.33,Card,Express,Shipped
ORD00222,2026-05-31,CUST0073,Olivia Sharma,Pokhara,Printer,Office,HP,5,187.92,5,892.62,214.32,Cash,Express,Processing
ORD00223,2026-02-01,CUST0202,Emma Adhikari,Lalitpur,Laptop,Electronics,Dell,5,888.8,5,4221.8,801.93,Bank Transfer,Express,Delivered
ORD00224,2026-01-25,CUST0247,Mia Adhikari,Butwal,Smartphone,Electronics,Samsung,4,649.08,0,2596.32,377.31,eSewa,Standard,Shipped
ORD00225,2026-04-14,CUST0055,Sophia Sharma,Biratnagar,Tablet,Electronics,Apple,5,522.28,15,2219.69,261.86,Khalti,Express,Processing
ORD00226,2026-06-12,CUST0077,Hari Thapa,Chitwan,Monitor,Electronics,LG,3,246.93,20,592.63,97.68,Bank Transfer,Express,Processing
ORD00227,2026-03-13,CUST0171,Aarav Thapa,Kathmandu,Keyboard,Accessories,Logitech,5,68.77,0,343.85,81.69,Card,Express,Cancelled
ORD00228,2026-06-21,CUST0181,Mia Adhikari,Lalitpur,Printer,Office,HP,5,203.8,0,1019.0,189.2,Khalti,Standard,Shipped
ORD00229,2026-03-21,CUST0293,Ava Smith,Kathmandu,Monitor,Electronics,LG,2,247.69,20,396.3,60.53,Card,Standard,Delivered
ORD00230,2026-05-06,CUST0276,Aarav Sharma,Butwal,Mouse,Accessories,Logitech,5,21.55,5,102.36,9.74,Cash,Standard,Shipped
ORD00231,2026-06-06,CUST0107,Mason Smith,Butwal,Laptop,Electronics,Dell,3,884.65,10,2388.55,494.65,Bank Transfer,Express,Processing
ORD00232,2026-04-30,CUST0123,Bishal Adhikari,Pokhara,Headphones,Audio,Sony,1,104.82,20,83.86,13.57,Cash,Express,Delivered
ORD00233,2026-05-23,CUST0109,Hari Thapa,Biratnagar,Tablet,Electronics,Apple,3,509.55,0,1528.65,218.62,Cash,Standard,Processing
ORD00234,2026-03-11,CUST0295,Bishal Smith,Pokhara,Headphones,Audio,Sony,5,114.07,20,456.28,51.2,eSewa,Express,Cancelled
ORD00235,2026-02-27,CUST0014,Hari Sharma,Kathmandu,Headphones,Audio,Sony,1,110.31,0,110.31,16.21,Cash,Standard,Shipped
ORD00236,2026-05-14,CUST0242,Mia Thapa,Pokhara,Smartphone,Electronics,Samsung,5,657.3,20,2629.2,318.96,Card,Express,Processing
ORD00237,2026-02-16,CUST0275,Emma Smith,Pokhara,Smartphone,Electronics,Samsung,2,652.85,5,1240.41,285.04,Card,Standard,Cancelled
ORD00238,2026-03-13,CUST0085,Emma Smith,Kathmandu,Monitor,Electronics,LG,1,213.32,20,170.66,38.79,Khalti,Standard,Processing
ORD00239,2026-03-06,CUST0015,Liam Sharma,Biratnagar,Mouse,Accessories,Logitech,2,35.67,15,60.64,15.06,eSewa,Standard,Shipped
ORD00240,2026-03-15,CUST0132,Olivia Thapa,Butwal,Printer,Office,HP,4,172.05,15,584.97,54.44,Khalti,Standard,Cancelled
ORD00241,2026-04-19,CUST0094,Mia KC,Butwal,Printer,Office,HP,3,201.01,20,482.42,102.54,Cash,Express,Shipped
ORD00242,2026-04-17,CUST0279,Mia Sharma,Lalitpur,Headphones,Audio,Sony,2,140.8,15,239.36,21.91,eSewa,Standard,Cancelled
ORD00243,2026-04-23,CUST0066,Mason Thapa,Kathmandu,Smartphone,Electronics,Samsung,2,686.82,5,1304.96,277.0,Card,Express,Cancelled
ORD00244,2026-05-04,CUST0121,Mia KC,Chitwan,Laptop,Electronics,Dell,3,875.61,0,2626.83,387.37,eSewa,Express,Shipped
ORD00245,2026-05-15,CUST0206,Mason Thapa,Biratnagar,Keyboard,Accessories,Logitech,3,45.15,20,108.36,14.57,Khalti,Standard,Delivered
ORD00246,2026-01-30,CUST0270,Aarav Thapa,Lalitpur,Mouse,Accessories,Logitech,1,14.22,15,12.09,1.73,Khalti,Express,Delivered
ORD00247,2026-01-17,CUST0102,Hari Thapa,Kathmandu,Printer,Office,HP,3,201.06,5,573.02,139.28,Khalti,Express,Shipped
ORD00248,2026-04-16,CUST0140,Olivia Thapa,Chitwan,Smartphone,Electronics,Samsung,4,640.95,10,2307.42,372.14,eSewa,Express,Cancelled
ORD00249,2026-03-13,CUST0204,Sophia Thapa,Pokhara,Laptop,Electronics,Dell,3,849.69,5,2421.62,280.1,Card,Express,Processing
ORD00250,2026-06-20,CUST0202,Mason Adhikari,Chitwan,Printer,Office,HP,5,213.42,10,960.39,206.17,Cash,Express,Delivered
ORD00251,2026-01-10,CUST0180,Sita KC,Lalitpur,Keyboard,Accessories,Logitech,5,70.63,5,335.49,81.67,eSewa,Express,Delivered
ORD00252,2026-06-03,CUST0050,Noah Thapa,Chitwan,Tablet,Electronics,Apple,3,483.46,0,1450.38,231.21,Card,Express,Processing
ORD00253,2026-02-02,CUST0225,Aarav Smith,Lalitpur,Tablet,Electronics,Apple,2,492.05,20,787.28,76.31,eSewa,Express,Shipped
ORD00254,2026-04-28,CUST0036,Aarav Thapa,Butwal,Mouse,Accessories,Logitech,1,23.78,0,23.78,2.88,Bank Transfer,Express,Delivered
ORD00255,2026-05-24,CUST0166,Hari Sharma,Biratnagar,Laptop,Electronics,Dell,2,889.03,5,1689.16,312.07,eSewa,Express,Delivered
ORD00256,2026-05-02,CUST0182,Ava KC,Biratnagar,Laptop,Electronics,Dell,1,877.77,15,746.1,149.6,Bank Transfer,Express,Shipped
ORD00257,2026-05-04,CUST0020,Mia Smith,Chitwan,Printer,Office,HP,1,180.17,15,153.14,12.38,Bank Transfer,Express,Cancelled
ORD00258,2026-01-27,CUST0095,Sophia Adhikari,Pokhara,Monitor,Electronics,LG,4,212.92,15,723.93,107.98,Khalti,Express,Processing
ORD00259,2026-05-28,CUST0182,Olivia Sharma,Biratnagar,Printer,Office,HP,3,185.88,10,501.88,40.58,Khalti,Standard,Shipped
ORD00260,2026-06-22,CUST0110,Liam Smith,Chitwan,Mouse,Accessories,Logitech,1,62.66,20,50.13,5.61,Cash,Standard,Delivered
ORD00261,2026-05-15,CUST0086,Sita Sharma,Biratnagar,Tablet,Electronics,Apple,4,491.82,10,1770.55,176.81,Bank Transfer,Standard,Shipped
ORD00262,2026-02-07,CUST0147,Mason Smith,Pokhara,Headphones,Audio,Sony,3,145.45,10,392.71,36.04,Bank Transfer,Express,Shipped
ORD00263,2026-01-21,CUST0145,Ava KC,Butwal,Keyboard,Accessories,Logitech,1,63.88,5,60.69,9.97,Card,Express,Cancelled
ORD00264,2026-03-27,CUST0141,Mason KC,Butwal,Headphones,Audio,Sony,2,147.54,15,250.82,32.88,Bank Transfer,Standard,Shipped
ORD00265,2026-05-29,CUST0077,Sophia Adhikari,Chitwan,Keyboard,Accessories,Logitech,1,53.41,10,48.07,9.03,eSewa,Express,Delivered
ORD00266,2026-04-01,CUST0096,Sita Sharma,Lalitpur,Keyboard,Accessories,Logitech,2,31.18,5,59.24,12.68,Card,Standard,Delivered
ORD00267,2026-06-11,CUST0228,Sita Thapa,Lalitpur,Monitor,Electronics,LG,2,216.67,0,433.34,67.92,eSewa,Express,Processing
ORD00268,2026-06-09,CUST0124,Noah KC,Lalitpur,Keyboard,Accessories,Logitech,3,73.48,15,187.37,20.35,Bank Transfer,Standard,Delivered
ORD00269,2026-04-26,CUST0082,Noah Sharma,Chitwan,Smartphone,Electronics,Samsung,1,665.43,5,632.16,84.58,Card,Express,Delivered
ORD00270,2026-01-21,CUST0110,Sophia Sharma,Kathmandu,Laptop,Electronics,Dell,1,859.45,5,816.48,173.1,Card,Standard,Processing
ORD00271,2026-03-08,CUST0004,Liam Smith,Butwal,Printer,Office,HP,5,186.55,20,746.2,80.54,eSewa,Standard,Shipped
ORD00272,2026-05-08,CUST0197,Emma Smith,Chitwan,Monitor,Electronics,LG,3,205.26,10,554.2,73.86,Cash,Standard,Shipped
ORD00273,2026-04-27,CUST0082,Mason KC,Pokhara,Monitor,Electronics,LG,5,233.85,5,1110.79,130.63,Bank Transfer,Express,Shipped
ORD00274,2026-03-11,CUST0258,Hari Thapa,Butwal,Keyboard,Accessories,Logitech,5,58.01,5,275.55,23.46,Cash,Standard,Cancelled
ORD00275,2026-02-23,CUST0253,Sita Sharma,Kathmandu,Smartphone,Electronics,Samsung,3,634.4,20,1522.56,191.32,Khalti,Express,Cancelled
ORD00276,2026-05-20,CUST0146,Hari Smith,Chitwan,Tablet,Electronics,Apple,3,499.83,15,1274.57,267.26,eSewa,Standard,Processing
ORD00277,2026-06-03,CUST0005,Olivia KC,Butwal,Keyboard,Accessories,Logitech,2,70.89,15,120.51,22.39,Cash,Express,Shipped
ORD00278,2026-02-17,CUST0294,Sophia Sharma,Pokhara,Smartphone,Electronics,Samsung,1,644.52,10,580.07,84.24,eSewa,Standard,Cancelled
ORD00279,2026-03-17,CUST0147,Ava Smith,Pokhara,Mouse,Accessories,Logitech,2,24.66,10,44.39,3.57,eSewa,Express,Delivered
ORD00280,2026-04-11,CUST0273,Liam Sharma,Biratnagar,Laptop,Electronics,Dell,3,860.81,20,2065.94,457.38,Card,Express,Cancelled
ORD00281,2026-01-24,CUST0112,Liam Adhikari,Chitwan,Mouse,Accessories,Logitech,3,37.22,20,89.33,13.12,Cash,Express,Delivered
ORD00282,2026-04-12,CUST0177,Mason Sharma,Kathmandu,Laptop,Electronics,Dell,2,882.92,5,1677.55,198.09,Khalti,Express,Delivered
ORD00283,2026-02-06,CUST0207,Noah Thapa,Biratnagar,Tablet,Electronics,Apple,5,506.48,20,2025.92,355.88,Card,Standard,Processing
ORD00284,2026-06-04,CUST0269,Bishal Thapa,Pokhara,Smartphone,Electronics,Samsung,3,640.36,5,1825.03,382.63,Cash,Express,Shipped
ORD00285,2026-02-24,CUST0233,Emma Thapa,Biratnagar,Tablet,Electronics,Apple,5,498.98,0,2494.9,331.89,Cash,Standard,Shipped
ORD00286,2026-06-11,CUST0267,Sophia Adhikari,Lalitpur,Monitor,Electronics,LG,5,226.94,15,964.5,223.75,eSewa,Express,Processing
ORD00287,2026-02-25,CUST0292,Liam KC,Kathmandu,Printer,Office,HP,1,167.42,20,133.94,32.69,Cash,Express,Delivered
ORD00288,2026-01-29,CUST0195,Sophia Thapa,Kathmandu,Monitor,Electronics,LG,2,226.99,20,363.18,75.95,Cash,Standard,Processing
ORD00289,2026-05-07,CUST0184,Mason Smith,Butwal,Laptop,Electronics,Dell,3,861.22,15,2196.11,336.57,Khalti,Express,Delivered
ORD00290,2026-05-03,CUST0008,Liam KC,Chitwan,Smartphone,Electronics,Samsung,3,684.25,20,1642.2,387.31,eSewa,Standard,Processing
ORD00291,2026-01-01,CUST0219,Aarav Smith,Butwal,Mouse,Accessories,Logitech,5,35.1,20,140.4,30.75,Cash,Standard,Delivered
ORD00292,2026-06-03,CUST0251,Aarav Thapa,Pokhara,Smartphone,Electronics,Samsung,4,634.73,10,2285.03,273.2,eSewa,Standard,Shipped
ORD00293,2026-05-04,CUST0052,Bishal Smith,Chitwan,Mouse,Accessories,Logitech,4,14.6,15,49.64,8.44,Khalti,Standard,Delivered
ORD00294,2026-05-03,CUST0178,Mason Sharma,Butwal,Headphones,Audio,Sony,2,153.86,20,246.18,38.99,Bank Transfer,Express,Delivered
ORD00295,2026-06-13,CUST0264,Liam Adhikari,Biratnagar,Tablet,Electronics,Apple,2,538.23,0,1076.46,228.45,eSewa,Standard,Shipped
ORD00296,2026-03-26,CUST0205,Sita Thapa,Chitwan,Keyboard,Accessories,Logitech,2,37.0,15,62.9,10.98,Card,Standard,Delivered
ORD00297,2026-06-01,CUST0201,Mason KC,Biratnagar,Headphones,Audio,Sony,5,118.44,20,473.76,65.08,Bank Transfer,Standard,Processing
ORD00298,2026-05-06,CUST0196,Liam Adhikari,Kathmandu,Printer,Office,HP,1,199.01,5,189.06,39.75,eSewa,Standard,Delivered
ORD00299,2026-01-09,CUST0083,Mia Thapa,Lalitpur,Printer,Office,HP,2,164.17,20,262.67,47.29,eSewa,Express,Processing
ORD00300,2026-02-06,CUST0126,Hari KC,Kathmandu,Mouse,Accessories,Logitech,3,15.13,20,36.31,3.46,Bank Transfer,Standard,Shipped
ORD00301,2026-02-22,CUST0132,Mason Sharma,Pokhara,Keyboard,Accessories,Logitech,3,45.04,0,135.12,10.92,eSewa,Express,Cancelled
ORD00302,2026-06-28,CUST0132,Aarav KC,Pokhara,Printer,Office,HP,4,218.58,10,786.89,125.77,Cash,Standard,Processing
ORD00303,2026-04-27,CUST0117,Liam Sharma,Lalitpur,Tablet,Electronics,Apple,1,536.52,10,482.87,79.37,Khalti,Express,Shipped
ORD00304,2026-01-15,CUST0118,Mason Sharma,Biratnagar,Mouse,Accessories,Logitech,4,8.38,0,33.52,2.73,Cash,Express,Processing
ORD00305,2026-01-19,CUST0223,Liam Smith,Lalitpur,Keyboard,Accessories,Logitech,3,42.75,10,115.42,25.11,Khalti,Express,Processing
ORD00306,2026-02-11,CUST0157,Aarav Sharma,Butwal,Printer,Office,HP,2,198.98,10,358.16,66.01,Khalti,Standard,Delivered
ORD00307,2026-02-26,CUST0173,Bishal Sharma,Kathmandu,Headphones,Audio,Sony,4,103.67,0,414.68,86.3,Bank Transfer,Standard,Shipped
ORD00308,2026-01-13,CUST0271,Olivia Smith,Butwal,Tablet,Electronics,Apple,5,519.4,20,2077.6,458.16,Khalti,Standard,Shipped
ORD00309,2026-01-07,CUST0010,Bishal Sharma,Biratnagar,Printer,Office,HP,4,218.02,15,741.27,179.47,eSewa,Standard,Cancelled
ORD00310,2026-04-25,CUST0034,Bishal Thapa,Butwal,Monitor,Electronics,LG,4,258.35,5,981.73,90.47,eSewa,Express,Delivered
ORD00311,2026-01-18,CUST0066,Aarav Smith,Biratnagar,Mouse,Accessories,Logitech,2,43.91,5,83.43,8.51,Cash,Express,Delivered
ORD00312,2026-02-15,CUST0107,Hari Smith,Pokhara,Headphones,Audio,Sony,5,124.37,10,559.67,67.47,Bank Transfer,Standard,Delivered
ORD00313,2026-05-15,CUST0145,Aarav Thapa,Biratnagar,Printer,Office,HP,5,181.18,5,860.61,78.12,Bank Transfer,Express,Processing
ORD00314,2026-06-07,CUST0286,Noah Thapa,Kathmandu,Headphones,Audio,Sony,1,134.69,5,127.96,12.97,Khalti,Standard,Shipped
ORD00315,2026-02-11,CUST0090,Noah Adhikari,Biratnagar,Monitor,Electronics,LG,5,248.41,0,1242.05,234.97,Card,Standard,Delivered
ORD00316,2026-01-29,CUST0221,Emma Thapa,Kathmandu,Printer,Office,HP,2,215.29,20,344.46,32.93,eSewa,Express,Delivered
ORD00317,2026-02-03,CUST0020,Mason KC,Pokhara,Laptop,Electronics,Dell,5,862.36,20,3449.44,686.62,Khalti,Express,Processing
ORD00318,2026-03-05,CUST0176,Mia Thapa,Chitwan,Laptop,Electronics,Dell,5,845.23,5,4014.84,461.64,Card,Standard,Processing
ORD00319,2026-04-11,CUST0088,Hari Thapa,Butwal,Printer,Office,HP,3,183.39,20,440.14,48.66,Bank Transfer,Express,Delivered
ORD00320,2026-01-11,CUST0042,Mason Smith,Butwal,Monitor,Electronics,LG,2,210.95,15,358.61,73.93,Khalti,Express,Cancelled
ORD00321,2026-02-26,CUST0114,Mia Sharma,Pokhara,Mouse,Accessories,Logitech,3,62.89,0,188.67,38.83,Bank Transfer,Standard,Processing
ORD00322,2026-02-06,CUST0185,Mia Adhikari,Biratnagar,Printer,Office,HP,2,175.72,5,333.87,46.2,Cash,Standard,Delivered
ORD00323,2026-06-18,CUST0034,Ava Thapa,Kathmandu,Monitor,Electronics,LG,2,231.84,15,394.13,49.12,Card,Express,Cancelled
ORD00324,2026-06-05,CUST0286,Sita Sharma,Pokhara,Laptop,Electronics,Dell,5,872.98,15,3710.16,528.59,eSewa,Standard,Delivered
ORD00325,2026-02-20,CUST0260,Emma Adhikari,Butwal,Smartphone,Electronics,Samsung,3,687.46,20,1649.9,199.02,Cash,Standard,Delivered
ORD00326,2026-02-19,CUST0016,Noah Smith,Pokhara,Mouse,Accessories,Logitech,1,39.09,20,31.27,7.45,Khalti,Standard,Delivered
ORD00327,2026-04-25,CUST0100,Mia Adhikari,Biratnagar,Mouse,Accessories,Logitech,2,29.03,15,49.35,11.23,Cash,Express,Delivered
ORD00328,2026-03-28,CUST0190,Sita Smith,Butwal,Laptop,Electronics,Dell,3,838.62,5,2390.07,257.06,Khalti,Express,Delivered
ORD00329,2026-02-09,CUST0090,Aarav Sharma,Butwal,Keyboard,Accessories,Logitech,1,67.98,15,57.78,4.73,Bank Transfer,Express,Shipped
ORD00330,2026-06-06,CUST0034,Noah Thapa,Pokhara,Headphones,Audio,Sony,2,114.43,10,205.97,36.88,Bank Transfer,Express,Processing
ORD00331,2026-03-31,CUST0300,Sophia Adhikari,Pokhara,Monitor,Electronics,LG,3,251.3,15,640.82,142.1,Card,Standard,Cancelled
ORD00332,2026-06-11,CUST0103,Hari KC,Lalitpur,Mouse,Accessories,Logitech,1,53.84,20,43.07,8.1,Cash,Express,Delivered
ORD00333,2026-04-26,CUST0119,Hari Smith,Biratnagar,Laptop,Electronics,Dell,2,887.58,5,1686.4,241.85,eSewa,Standard,Delivered
ORD00334,2026-06-28,CUST0085,Hari Adhikari,Biratnagar,Monitor,Electronics,LG,1,233.85,20,187.08,17.09,Card,Express,Cancelled
ORD00335,2026-06-27,CUST0274,Hari Smith,Kathmandu,Monitor,Electronics,LG,4,230.39,5,875.48,148.2,Card,Standard,Shipped
ORD00336,2026-02-26,CUST0004,Ava Smith,Butwal,Headphones,Audio,Sony,3,159.51,10,430.68,94.29,Cash,Express,Processing
ORD00337,2026-06-22,CUST0191,Hari KC,Kathmandu,Tablet,Electronics,Apple,1,510.67,20,408.54,77.48,Cash,Standard,Cancelled
ORD00338,2026-03-12,CUST0298,Ava Thapa,Pokhara,Mouse,Accessories,Logitech,1,60.21,10,54.19,6.81,Bank Transfer,Standard,Shipped
ORD00339,2026-01-13,CUST0012,Ava KC,Butwal,Headphones,Audio,Sony,4,104.25,20,333.6,43.71,Bank Transfer,Express,Cancelled
ORD00340,2026-05-29,CUST0051,Mia Sharma,Pokhara,Keyboard,Accessories,Logitech,2,64.95,15,110.42,26.41,Bank Transfer,Express,Processing
ORD00341,2026-06-20,CUST0056,Liam Smith,Pokhara,Laptop,Electronics,Dell,4,832.54,20,2664.13,267.7,Cash,Express,Cancelled
ORD00342,2026-03-25,CUST0267,Sophia Smith,Kathmandu,Monitor,Electronics,LG,3,259.06,5,738.32,119.6,Card,Express,Cancelled
ORD00343,2026-05-30,CUST0298,Mason Smith,Chitwan,Monitor,Electronics,LG,2,251.61,0,503.22,114.38,Cash,Express,Delivered
ORD00344,2026-05-18,CUST0106,Mia KC,Butwal,Monitor,Electronics,LG,2,239.49,20,383.18,43.3,Bank Transfer,Express,Shipped
ORD00345,2026-01-20,CUST0061,Hari Adhikari,Lalitpur,Smartphone,Electronics,Samsung,2,682.25,10,1228.05,191.13,Card,Standard,Delivered
ORD00346,2026-06-25,CUST0046,Sita Smith,Lalitpur,Laptop,Electronics,Dell,2,857.1,10,1542.78,199.46,Bank Transfer,Express,Cancelled
ORD00347,2026-01-16,CUST0172,Aarav KC,Biratnagar,Printer,Office,HP,2,166.68,10,300.02,64.24,Khalti,Express,Processing
ORD00348,2026-05-17,CUST0115,Hari Thapa,Butwal,Keyboard,Accessories,Logitech,1,58.83,0,58.83,9.25,eSewa,Express,Processing
ORD00349,2026-03-17,CUST0169,Mia KC,Butwal,Monitor,Electronics,LG,2,230.19,5,437.36,63.2,Card,Standard,Processing
ORD00350,2026-05-13,CUST0092,Mason Thapa,Pokhara,Mouse,Accessories,Logitech,3,11.46,15,29.22,6.51,eSewa,Express,Cancelled
ORD00351,2026-05-06,CUST0288,Aarav KC,Butwal,Printer,Office,HP,5,161.03,20,644.12,119.1,Cash,Express,Cancelled
ORD00352,2026-01-05,CUST0046,Aarav KC,Pokhara,Monitor,Electronics,LG,4,244.36,20,781.95,83.91,Bank Transfer,Express,Delivered
ORD00353,2026-04-16,CUST0140,Noah Thapa,Pokhara,Laptop,Electronics,Dell,2,862.2,15,1465.74,363.77,Card,Express,Processing
ORD00354,2026-06-21,CUST0034,Aarav KC,Pokhara,Headphones,Audio,Sony,5,106.8,0,534.0,74.63,Cash,Express,Cancelled
ORD00355,2026-05-18,CUST0174,Aarav KC,Lalitpur,Laptop,Electronics,Dell,4,854.5,0,3418.0,490.18,Cash,Standard,Delivered
ORD00356,2026-02-28,CUST0268,Sita Thapa,Kathmandu,Printer,Office,HP,5,211.62,20,846.48,132.41,eSewa,Express,Shipped
ORD00357,2026-01-03,CUST0236,Ava KC,Kathmandu,Laptop,Electronics,Dell,4,874.13,5,3321.69,651.5,Card,Express,Delivered
ORD00358,2026-02-01,CUST0003,Mia Thapa,Pokhara,Monitor,Electronics,LG,1,203.26,10,182.93,23.26,Khalti,Express,Processing
ORD00359,2026-01-16,CUST0087,Liam Smith,Kathmandu,Printer,Office,HP,4,198.74,0,794.96,150.39,Khalti,Standard,Shipped
ORD00360,2026-04-02,CUST0116,Emma Sharma,Lalitpur,Printer,Office,HP,1,205.57,15,174.73,41.85,Card,Standard,Delivered
ORD00361,2026-05-18,CUST0262,Sophia Sharma,Lalitpur,Tablet,Electronics,Apple,1,502.64,0,502.64,46.45,Cash,Express,Shipped
ORD00362,2026-04-01,CUST0289,Liam Smith,Biratnagar,Headphones,Audio,Sony,3,119.37,10,322.3,67.04,Cash,Express,Shipped
ORD00363,2026-06-25,CUST0066,Olivia Sharma,Kathmandu,Laptop,Electronics,Dell,2,884.88,15,1504.3,222.37,Khalti,Standard,Cancelled
ORD00364,2026-01-11,CUST0293,Noah Thapa,Lalitpur,Monitor,Electronics,LG,1,249.71,10,224.74,49.1,Card,Express,Delivered
ORD00365,2026-04-25,CUST0023,Ava Thapa,Kathmandu,Laptop,Electronics,Dell,3,860.14,15,2193.36,509.74,Card,Express,Shipped
ORD00366,2026-02-26,CUST0084,Hari KC,Pokhara,Keyboard,Accessories,Logitech,5,46.48,10,209.16,34.37,Card,Standard,Delivered
ORD00367,2026-04-20,CUST0042,Aarav Adhikari,Chitwan,Keyboard,Accessories,Logitech,5,82.07,0,410.35,55.77,Khalti,Express,Shipped
ORD00368,2026-06-28,CUST0243,Bishal KC,Butwal,Monitor,Electronics,LG,5,252.42,10,1135.89,196.5,Cash,Express,Cancelled
ORD00369,2026-04-14,CUST0139,Ava Smith,Butwal,Monitor,Electronics,LG,3,241.92,20,580.61,54.19,Bank Transfer,Express,Processing
ORD00370,2026-04-15,CUST0116,Sita Smith,Butwal,Smartphone,Electronics,Samsung,3,649.32,0,1947.96,367.41,Bank Transfer,Express,Delivered
ORD00371,2026-04-05,CUST0082,Olivia Sharma,Pokhara,Printer,Office,HP,4,161.67,15,549.68,105.68,Khalti,Standard,Cancelled
ORD00372,2026-01-11,CUST0232,Bishal KC,Kathmandu,Laptop,Electronics,Dell,4,886.9,15,3015.46,737.46,Khalti,Standard,Cancelled
ORD00373,2026-01-30,CUST0109,Liam Smith,Butwal,Smartphone,Electronics,Samsung,5,634.03,20,2536.12,456.91,Cash,Standard,Delivered
ORD00374,2026-06-25,CUST0193,Sophia KC,Lalitpur,Tablet,Electronics,Apple,1,502.18,10,451.96,66.9,Card,Standard,Delivered
ORD00375,2026-05-25,CUST0099,Bishal Thapa,Chitwan,Printer,Office,HP,2,169.33,0,338.66,45.22,Card,Express,Shipped
ORD00376,2026-05-21,CUST0096,Sita Adhikari,Chitwan,Smartphone,Electronics,Samsung,5,681.91,15,2898.12,667.87,Khalti,Standard,Cancelled
ORD00377,2026-02-13,CUST0144,Sita Adhikari,Chitwan,Printer,Office,HP,2,175.3,0,350.6,52.97,Card,Express,Processing
ORD00378,2026-03-25,CUST0224,Mia Thapa,Pokhara,Printer,Office,HP,1,197.51,15,167.88,25.7,Cash,Standard,Delivered
ORD00379,2026-01-06,CUST0033,Sita Smith,Chitwan,Laptop,Electronics,Dell,3,886.67,10,2394.01,267.33,Card,Express,Delivered
ORD00380,2026-06-13,CUST0014,Mia Sharma,Pokhara,Headphones,Audio,Sony,4,129.6,5,492.48,40.27,Bank Transfer,Express,Shipped
ORD00381,2026-06-20,CUST0117,Mia KC,Pokhara,Keyboard,Accessories,Logitech,5,46.38,10,208.71,35.74,eSewa,Standard,Processing
ORD00382,2026-03-23,CUST0010,Emma Adhikari,Pokhara,Laptop,Electronics,Dell,4,852.12,20,2726.78,246.42,Card,Standard,Processing
ORD00383,2026-03-18,CUST0056,Mason Adhikari,Chitwan,Keyboard,Accessories,Logitech,3,74.83,5,213.27,17.66,Khalti,Standard,Processing
ORD00384,2026-01-02,CUST0085,Noah Sharma,Lalitpur,Monitor,Electronics,LG,3,244.76,20,587.42,66.39,eSewa,Standard,Cancelled
ORD00385,2026-01-26,CUST0185,Mia Smith,Biratnagar,Monitor,Electronics,LG,1,222.86,15,189.43,43.93,Cash,Standard,Processing
ORD00386,2026-01-31,CUST0070,Aarav Sharma,Butwal,Laptop,Electronics,Dell,4,879.81,20,2815.39,499.32,Cash,Standard,Delivered
ORD00387,2026-02-01,CUST0198,Ava Thapa,Biratnagar,Laptop,Electronics,Dell,3,856.36,0,2569.08,400.96,Khalti,Standard,Delivered
ORD00388,2026-02-01,CUST0040,Hari Adhikari,Butwal,Tablet,Electronics,Apple,4,484.42,15,1647.03,397.48,Card,Standard,Processing
ORD00389,2026-02-11,CUST0271,Noah Thapa,Butwal,Headphones,Audio,Sony,5,131.92,20,527.68,45.15,Card,Express,Cancelled
ORD00390,2026-01-25,CUST0001,Emma Smith,Butwal,Headphones,Audio,Sony,1,155.32,15,132.02,28.56,Cash,Standard,Shipped
ORD00391,2026-02-07,CUST0225,Bishal KC,Kathmandu,Laptop,Electronics,Dell,1,850.58,15,722.99,72.38,eSewa,Standard,Delivered
ORD00392,2026-02-11,CUST0011,Sophia Sharma,Butwal,Mouse,Accessories,Logitech,5,36.76,10,165.42,24.77,Cash,Standard,Delivered
ORD00393,2026-04-24,CUST0248,Sophia KC,Biratnagar,Smartphone,Electronics,Samsung,2,641.89,20,1027.02,96.48,eSewa,Standard,Cancelled
ORD00394,2026-06-19,CUST0068,Olivia Sharma,Pokhara,Keyboard,Accessories,Logitech,1,40.84,0,40.84,3.33,Cash,Express,Cancelled
ORD00395,2026-06-22,CUST0271,Ava Thapa,Chitwan,Monitor,Electronics,LG,1,201.36,5,191.29,25.3,Cash,Express,Shipped
ORD00396,2026-04-24,CUST0109,Sophia Smith,Pokhara,Printer,Office,HP,1,209.19,15,177.81,17.43,Cash,Standard,Delivered
ORD00397,2026-04-17,CUST0138,Emma Smith,Pokhara,Monitor,Electronics,LG,4,218.19,5,829.12,112.22,eSewa,Standard,Processing
ORD00398,2026-05-19,CUST0147,Emma Smith,Biratnagar,Tablet,Electronics,Apple,2,535.24,15,909.91,120.58,eSewa,Express,Shipped
ORD00399,2026-06-15,CUST0124,Bishal KC,Pokhara,Printer,Office,HP,4,186.02,5,706.88,75.13,eSewa,Standard,Processing
ORD00400,2026-03-14,CUST0038,Sita KC,Pokhara,Headphones,Audio,Sony,1,133.33,0,133.33,26.81,eSewa,Express,Cancelled
ORD00401,2026-01-17,CUST0093,Aarav Thapa,Pokhara,Tablet,Electronics,Apple,4,487.51,0,1950.04,256.29,eSewa,Express,Processing
ORD00402,2026-03-28,CUST0046,Liam Sharma,Chitwan,Printer,Office,HP,3,188.49,20,452.38,68.75,eSewa,Standard,Shipped
ORD00403,2026-06-30,CUST0156,Noah Sharma,Biratnagar,Tablet,Electronics,Apple,4,501.58,0,2006.32,464.72,Khalti,Express,Delivered
ORD00404,2026-05-20,CUST0249,Noah Sharma,Biratnagar,Tablet,Electronics,Apple,2,530.0,0,1060.0,162.61,Card,Standard,Delivered
ORD00405,2026-03-16,CUST0069,Ava Smith,Lalitpur,Tablet,Electronics,Apple,2,488.35,5,927.87,201.04,Khalti,Express,Cancelled
ORD00406,2026-04-22,CUST0129,Olivia Thapa,Biratnagar,Smartphone,Electronics,Samsung,2,638.03,15,1084.65,108.31,Cash,Express,Processing
ORD00407,2026-02-21,CUST0050,Olivia Sharma,Biratnagar,Laptop,Electronics,Dell,5,859.15,10,3866.18,577.49,Card,Express,Delivered
ORD00408,2026-05-11,CUST0069,Emma Thapa,Lalitpur,Laptop,Electronics,Dell,3,852.44,20,2045.86,267.96,eSewa,Express,Processing
ORD00409,2026-04-15,CUST0129,Emma Sharma,Butwal,Monitor,Electronics,LG,5,247.5,15,1051.88,213.89,Khalti,Standard,Delivered
ORD00410,2026-03-20,CUST0190,Noah Smith,Lalitpur,Printer,Office,HP,2,210.37,0,420.74,89.29,Card,Standard,Processing
ORD00411,2026-05-26,CUST0172,Mia Adhikari,Lalitpur,Printer,Office,HP,4,174.7,20,559.04,122.34,Card,Express,Cancelled
ORD00412,2026-01-18,CUST0101,Sophia KC,Lalitpur,Monitor,Electronics,LG,2,254.01,15,431.82,37.66,Cash,Standard,Shipped
ORD00413,2026-06-05,CUST0297,Aarav Sharma,Pokhara,Keyboard,Accessories,Logitech,3,31.27,5,89.12,14.24,Bank Transfer,Express,Delivered
ORD00414,2026-04-17,CUST0043,Liam Sharma,Butwal,Headphones,Audio,Sony,2,101.81,10,183.26,35.09,Khalti,Standard,Cancelled
ORD00415,2026-04-08,CUST0300,Ava Thapa,Pokhara,Headphones,Audio,Sony,3,137.05,0,411.15,102.63,Khalti,Express,Delivered
ORD00416,2026-04-17,CUST0226,Noah Smith,Butwal,Headphones,Audio,Sony,5,130.24,10,586.08,50.47,Cash,Express,Processing
ORD00417,2026-03-19,CUST0214,Aarav Thapa,Kathmandu,Mouse,Accessories,Logitech,3,54.39,5,155.01,16.43,Bank Transfer,Express,Processing
ORD00418,2026-02-24,CUST0199,Mason Smith,Pokhara,Keyboard,Accessories,Logitech,3,62.75,5,178.84,41.6,eSewa,Standard,Delivered
ORD00419,2026-02-28,CUST0198,Hari Adhikari,Kathmandu,Mouse,Accessories,Logitech,5,40.84,10,183.78,38.11,Bank Transfer,Express,Shipped
ORD00420,2026-04-27,CUST0182,Hari KC,Lalitpur,Monitor,Electronics,LG,2,256.64,15,436.29,94.26,Cash,Standard,Processing
ORD00421,2026-06-10,CUST0271,Emma Sharma,Chitwan,Headphones,Audio,Sony,5,106.17,10,477.77,80.51,Cash,Standard,Cancelled
ORD00422,2026-05-19,CUST0189,Emma Adhikari,Biratnagar,Laptop,Electronics,Dell,5,862.85,0,4314.25,655.92,Cash,Express,Cancelled
ORD00423,2026-01-10,CUST0103,Bishal KC,Butwal,Headphones,Audio,Sony,5,137.19,20,548.76,55.49,eSewa,Express,Delivered
ORD00424,2026-05-05,CUST0169,Mia Sharma,Biratnagar,Printer,Office,HP,1,201.19,5,191.13,18.05,Khalti,Standard,Shipped
ORD00425,2026-01-07,CUST0166,Noah KC,Biratnagar,Headphones,Audio,Sony,5,115.04,5,546.44,70.15,Khalti,Standard,Shipped
ORD00426,2026-01-15,CUST0232,Olivia KC,Butwal,Tablet,Electronics,Apple,3,497.15,0,1491.45,363.23,Bank Transfer,Standard,Delivered
ORD00427,2026-05-09,CUST0224,Bishal Smith,Biratnagar,Headphones,Audio,Sony,3,156.06,10,421.36,61.27,Bank Transfer,Express,Processing
ORD00428,2026-06-12,CUST0022,Ava Smith,Butwal,Keyboard,Accessories,Logitech,1,31.2,20,24.96,3.08,Card,Standard,Cancelled
ORD00429,2026-02-26,CUST0211,Olivia Sharma,Lalitpur,Smartphone,Electronics,Samsung,5,642.7,0,3213.5,671.39,Card,Express,Shipped
ORD00430,2026-03-18,CUST0208,Liam Sharma,Pokhara,Tablet,Electronics,Apple,5,512.69,20,2050.76,248.67,Bank Transfer,Standard,Cancelled
ORD00431,2026-04-22,CUST0142,Bishal Thapa,Biratnagar,Keyboard,Accessories,Logitech,5,51.2,15,217.6,22.55,Bank Transfer,Standard,Shipped
ORD00432,2026-03-07,CUST0281,Olivia KC,Lalitpur,Keyboard,Accessories,Logitech,2,70.11,15,119.19,16.05,Card,Express,Cancelled
ORD00433,2026-03-01,CUST0097,Sophia Adhikari,Kathmandu,Keyboard,Accessories,Logitech,5,29.21,5,138.75,34.41,Cash,Standard,Cancelled
ORD00434,2026-05-07,CUST0195,Sita Adhikari,Biratnagar,Keyboard,Accessories,Logitech,5,79.13,5,375.87,47.94,Bank Transfer,Express,Processing
ORD00435,2026-03-31,CUST0015,Emma KC,Lalitpur,Laptop,Electronics,Dell,1,840.01,10,756.01,149.53,Bank Transfer,Standard,Processing
ORD00436,2026-06-18,CUST0076,Aarav Adhikari,Pokhara,Laptop,Electronics,Dell,1,847.2,5,804.84,187.85,Card,Standard,Shipped
ORD00437,2026-03-27,CUST0072,Noah Sharma,Pokhara,Tablet,Electronics,Apple,3,522.94,0,1568.82,225.91,Bank Transfer,Express,Shipped
ORD00438,2026-03-21,CUST0003,Mason KC,Kathmandu,Monitor,Electronics,LG,3,210.41,15,536.55,95.41,Cash,Standard,Cancelled
ORD00439,2026-04-07,CUST0057,Hari Thapa,Pokhara,Smartphone,Electronics,Samsung,3,673.23,20,1615.75,323.78,eSewa,Express,Shipped
ORD00440,2026-04-28,CUST0036,Noah Adhikari,Pokhara,Smartphone,Electronics,Samsung,2,662.88,20,1060.61,119.34,Cash,Express,Cancelled
ORD00441,2026-04-29,CUST0114,Olivia Thapa,Pokhara,Keyboard,Accessories,Logitech,2,53.57,15,91.07,17.91,Khalti,Standard,Processing
ORD00442,2026-02-24,CUST0092,Hari Smith,Chitwan,Printer,Office,HP,4,191.78,20,613.7,78.04,Khalti,Express,Delivered
ORD00443,2026-02-26,CUST0075,Noah Smith,Kathmandu,Keyboard,Accessories,Logitech,5,48.32,10,217.44,21.87,Khalti,Express,Delivered
ORD00444,2026-04-24,CUST0291,Aarav Adhikari,Butwal,Monitor,Electronics,LG,4,202.05,5,767.79,161.16,Cash,Standard,Shipped
ORD00445,2026-03-09,CUST0215,Aarav Sharma,Pokhara,Mouse,Accessories,Logitech,2,60.28,15,102.48,13.48,Card,Express,Delivered
ORD00446,2026-04-17,CUST0034,Hari Thapa,Lalitpur,Laptop,Electronics,Dell,2,870.3,15,1479.51,337.53,Bank Transfer,Express,Processing
ORD00447,2026-04-16,CUST0046,Sophia Thapa,Pokhara,Tablet,Electronics,Apple,3,512.08,20,1228.99,172.5,Cash,Standard,Cancelled
ORD00448,2026-05-16,CUST0119,Bishal Sharma,Butwal,Keyboard,Accessories,Logitech,4,59.22,5,225.04,55.06,Card,Standard,Processing
ORD00449,2026-03-13,CUST0210,Olivia Smith,Pokhara,Smartphone,Electronics,Samsung,3,669.52,5,1908.13,362.58,Khalti,Standard,Cancelled
ORD00450,2026-02-19,CUST0250,Ava Sharma,Chitwan,Monitor,Electronics,LG,1,202.82,15,172.4,34.22,Khalti,Standard,Cancelled
ORD00451,2026-05-06,CUST0214,Olivia Sharma,Pokhara,Laptop,Electronics,Dell,2,849.55,10,1529.19,261.96,Khalti,Standard,Delivered
ORD00452,2026-01-14,CUST0253,Liam Adhikari,Lalitpur,Mouse,Accessories,Logitech,3,34.58,20,82.99,10.04,Card,Express,Cancelled
ORD00453,2026-01-09,CUST0092,Liam Smith,Lalitpur,Tablet,Electronics,Apple,1,488.04,0,488.04,59.33,Card,Express,Cancelled
ORD00454,2026-02-24,CUST0132,Mason Smith,Biratnagar,Monitor,Electronics,LG,4,217.41,15,739.19,82.06,eSewa,Standard,Shipped
ORD00455,2026-05-13,CUST0050,Aarav Sharma,Butwal,Laptop,Electronics,Dell,2,879.9,20,1407.84,265.04,Cash,Standard,Delivered
ORD00456,2026-02-18,CUST0057,Emma Thapa,Biratnagar,Laptop,Electronics,Dell,2,835.87,0,1671.74,354.69,eSewa,Standard,Cancelled
ORD00457,2026-03-26,CUST0139,Olivia Smith,Lalitpur,Printer,Office,HP,4,161.8,10,582.48,128.71,Cash,Standard,Delivered
ORD00458,2026-02-13,CUST0124,Noah Smith,Chitwan,Keyboard,Accessories,Logitech,5,45.58,20,182.32,25.17,Khalti,Standard,Shipped
ORD00459,2026-01-28,CUST0135,Emma Sharma,Lalitpur,Smartphone,Electronics,Samsung,3,655.42,0,1966.26,242.03,Card,Express,Cancelled
ORD00460,2026-02-20,CUST0054,Emma KC,Pokhara,Laptop,Electronics,Dell,1,861.59,20,689.27,135.84,Cash,Express,Cancelled
ORD00461,2026-04-08,CUST0173,Noah KC,Pokhara,Smartphone,Electronics,Samsung,1,642.14,5,610.03,76.78,Khalti,Express,Processing
ORD00462,2026-01-20,CUST0230,Emma Smith,Chitwan,Smartphone,Electronics,Samsung,3,669.84,0,2009.52,402.2,Bank Transfer,Express,Delivered
ORD00463,2026-01-26,CUST0048,Hari Thapa,Lalitpur,Smartphone,Electronics,Samsung,5,648.35,20,2593.4,583.43,Card,Standard,Shipped
ORD00464,2026-01-26,CUST0298,Mason Thapa,Butwal,Monitor,Electronics,LG,1,220.46,15,187.39,34.42,Khalti,Express,Processing
ORD00465,2026-05-23,CUST0256,Emma Sharma,Chitwan,Smartphone,Electronics,Samsung,2,653.15,15,1110.36,219.86,Bank Transfer,Standard,Processing
ORD00466,2026-03-06,CUST0006,Ava Adhikari,Pokhara,Monitor,Electronics,LG,4,220.78,10,794.81,179.24,eSewa,Standard,Processing
ORD00467,2026-03-01,CUST0027,Olivia KC,Lalitpur,Mouse,Accessories,Logitech,2,37.73,5,71.69,15.15,eSewa,Standard,Shipped
ORD00468,2026-06-17,CUST0193,Sita Adhikari,Chitwan,Headphones,Audio,Sony,3,139.8,5,398.43,65.9,eSewa,Standard,Processing
ORD00469,2026-03-01,CUST0011,Olivia Thapa,Biratnagar,Smartphone,Electronics,Samsung,2,674.6,20,1079.36,189.92,Cash,Express,Cancelled
ORD00470,2026-03-17,CUST0064,Mason KC,Pokhara,Smartphone,Electronics,Samsung,1,644.1,20,515.28,83.19,eSewa,Express,Shipped
ORD00471,2026-01-26,CUST0081,Olivia Adhikari,Pokhara,Smartphone,Electronics,Samsung,4,651.68,15,2215.71,266.7,Card,Standard,Shipped
ORD00472,2026-01-05,CUST0121,Liam Thapa,Kathmandu,Smartphone,Electronics,Samsung,2,679.71,5,1291.45,227.62,Cash,Standard,Shipped
ORD00473,2026-02-28,CUST0267,Sophia KC,Pokhara,Headphones,Audio,Sony,3,107.26,5,305.69,72.46,Bank Transfer,Standard,Processing
ORD00474,2026-01-24,CUST0264,Mia Smith,Biratnagar,Printer,Office,HP,3,182.37,20,437.69,46.31,Khalti,Express,Cancelled
ORD00475,2026-06-20,CUST0172,Bishal Thapa,Lalitpur,Headphones,Audio,Sony,2,126.81,5,240.94,57.4,Bank Transfer,Express,Delivered
ORD00476,2026-02-05,CUST0065,Sophia Adhikari,Chitwan,Laptop,Electronics,Dell,2,855.82,0,1711.64,376.13,Cash,Express,Processing
ORD00477,2026-01-01,CUST0108,Olivia Adhikari,Lalitpur,Tablet,Electronics,Apple,5,504.19,5,2394.9,292.88,Khalti,Express,Shipped
ORD00478,2026-02-10,CUST0266,Mason Sharma,Biratnagar,Monitor,Electronics,LG,3,207.51,20,498.02,91.0,Khalti,Express,Processing
ORD00479,2026-02-09,CUST0188,Bishal Smith,Chitwan,Smartphone,Electronics,Samsung,4,663.4,5,2520.92,269.1,Card,Express,Processing
ORD00480,2026-01-15,CUST0172,Mason Sharma,Kathmandu,Smartphone,Electronics,Samsung,5,661.5,20,2646.0,317.91,Card,Express,Processing
ORD00481,2026-04-20,CUST0246,Sita KC,Pokhara,Mouse,Accessories,Logitech,3,26.61,5,75.84,7.49,Cash,Standard,Delivered
ORD00482,2026-02-27,CUST0250,Mason Smith,Chitwan,Headphones,Audio,Sony,5,142.45,0,712.25,119.03,Cash,Standard,Shipped
ORD00483,2026-06-01,CUST0233,Olivia Sharma,Pokhara,Monitor,Electronics,LG,1,208.47,15,177.2,24.49,Card,Standard,Delivered
ORD00484,2026-06-11,CUST0178,Bishal Adhikari,Chitwan,Keyboard,Accessories,Logitech,4,56.15,5,213.37,49.05,Card,Express,Cancelled
ORD00485,2026-06-27,CUST0145,Ava Sharma,Lalitpur,Smartphone,Electronics,Samsung,5,679.87,10,3059.41,683.88,eSewa,Express,Delivered
ORD00486,2026-06-26,CUST0295,Aarav Adhikari,Butwal,Keyboard,Accessories,Logitech,1,74.64,15,63.44,14.01,Card,Standard,Shipped
ORD00487,2026-01-29,CUST0190,Mason Smith,Chitwan,Laptop,Electronics,Dell,4,865.15,15,2941.51,297.92,Cash,Express,Shipped
ORD00488,2026-06-24,CUST0196,Noah Smith,Chitwan,Printer,Office,HP,1,212.82,15,180.9,34.83,Cash,Standard,Delivered
ORD00489,2026-04-17,CUST0287,Bishal Sharma,Lalitpur,Headphones,Audio,Sony,2,132.04,5,250.88,34.21,Khalti,Standard,Shipped
ORD00490,2026-01-16,CUST0233,Hari Thapa,Chitwan,Laptop,Electronics,Dell,3,869.73,15,2217.81,450.36,Khalti,Express,Delivered
ORD00491,2026-03-05,CUST0062,Aarav Sharma,Biratnagar,Smartphone,Electronics,Samsung,2,648.87,20,1038.19,258.56,Khalti,Express,Processing
ORD00492,2026-04-02,CUST0082,Bishal Smith,Butwal,Laptop,Electronics,Dell,4,834.98,15,2838.93,530.33,eSewa,Standard,Delivered
ORD00493,2026-03-06,CUST0237,Mason Adhikari,Biratnagar,Printer,Office,HP,3,210.03,15,535.58,112.63,Khalti,Standard,Shipped
ORD00494,2026-01-02,CUST0076,Mia Adhikari,Kathmandu,Monitor,Electronics,LG,2,200.54,10,360.97,75.92,Khalti,Standard,Delivered
ORD00495,2026-03-06,CUST0089,Sita Thapa,Lalitpur,Headphones,Audio,Sony,1,135.83,15,115.46,12.62,Khalti,Standard,Processing
ORD00496,2026-04-28,CUST0139,Sita Sharma,Biratnagar,Printer,Office,HP,5,198.84,10,894.78,80.56,Cash,Standard,Shipped
ORD00497,2026-05-09,CUST0092,Bishal Smith,Butwal,Laptop,Electronics,Dell,3,862.24,15,2198.71,196.38,Khalti,Standard,Cancelled
ORD00498,2026-04-17,CUST0133,Mason Sharma,Kathmandu,Monitor,Electronics,LG,4,243.73,5,926.17,93.76,Khalti,Express,Cancelled
ORD00499,2026-05-01,CUST0029,Hari Sharma,Biratnagar,Keyboard,Accessories,Logitech,1,50.91,20,40.73,9.2,Cash,Standard,Processing
ORD00500,2026-05-18,CUST0028,Mason Sharma,Butwal,Monitor,Electronics,LG,2,251.12,10,452.02,102.15,Bank Transfer,Standard,Delivered
ORD00501,2026-05-18,CUST0299,Aarav KC,Butwal,Tablet,Electronics,Apple,3,483.24,5,1377.23,213.25,Bank Transfer,Standard,Delivered
ORD00502,2026-03-26,CUST0191,Ava Smith,Pokhara,Laptop,Electronics,Dell,4,837.2,0,3348.8,662.25,Card,Express,Shipped
ORD00503,2026-04-16,CUST0020,Ava Thapa,Lalitpur,Headphones,Audio,Sony,4,117.07,20,374.62,44.67,Bank Transfer,Express,Processing
ORD00504,2026-01-20,CUST0030,Sophia Sharma,Biratnagar,Mouse,Accessories,Logitech,1,30.67,15,26.07,6.12,Khalti,Express,Shipped
ORD00505,2026-03-09,CUST0217,Olivia Thapa,Butwal,Keyboard,Accessories,Logitech,3,30.1,20,72.24,14.57,Bank Transfer,Express,Cancelled
ORD00506,2026-03-27,CUST0208,Bishal KC,Lalitpur,Printer,Office,HP,3,167.75,5,478.09,41.06,Bank Transfer,Standard,Shipped
ORD00507,2026-05-23,CUST0129,Olivia Thapa,Chitwan,Headphones,Audio,Sony,3,139.8,15,356.49,58.28,eSewa,Express,Shipped
ORD00508,2026-05-03,CUST0179,Emma KC,Pokhara,Mouse,Accessories,Logitech,5,47.94,10,215.73,51.47,Card,Standard,Cancelled
ORD00509,2026-05-21,CUST0137,Hari Thapa,Biratnagar,Printer,Office,HP,3,178.49,10,481.92,103.09,eSewa,Standard,Shipped
ORD00510,2026-05-06,CUST0082,Liam Thapa,Butwal,Smartphone,Electronics,Samsung,3,672.31,20,1613.54,289.79,Cash,Express,Delivered
ORD00511,2026-02-09,CUST0252,Mia Adhikari,Pokhara,Laptop,Electronics,Dell,2,857.12,10,1542.82,343.15,Bank Transfer,Standard,Shipped
ORD00512,2026-05-31,CUST0259,Bishal Thapa,Lalitpur,Laptop,Electronics,Dell,2,845.94,5,1607.29,178.32,eSewa,Standard,Cancelled
ORD00513,2026-06-09,CUST0030,Sita KC,Chitwan,Laptop,Electronics,Dell,3,882.59,5,2515.38,504.09,Cash,Express,Cancelled
ORD00514,2026-02-12,CUST0109,Liam Thapa,Kathmandu,Laptop,Electronics,Dell,2,861.42,0,1722.84,200.2,Card,Standard,Cancelled
ORD00515,2026-02-10,CUST0139,Liam Smith,Biratnagar,Tablet,Electronics,Apple,2,482.83,5,917.38,117.09,Bank Transfer,Standard,Shipped
ORD00516,2026-06-02,CUST0090,Sophia Adhikari,Chitwan,Printer,Office,HP,2,167.62,5,318.48,52.49,Khalti,Express,Delivered
ORD00517,2026-01-01,CUST0229,Olivia KC,Pokhara,Tablet,Electronics,Apple,3,492.32,10,1329.26,276.58,Khalti,Express,Processing
ORD00518,2026-03-17,CUST0179,Bishal Adhikari,Biratnagar,Mouse,Accessories,Logitech,2,17.66,20,28.26,4.87,Bank Transfer,Standard,Shipped
ORD00519,2026-06-04,CUST0012,Noah Smith,Pokhara,Printer,Office,HP,5,217.57,0,1087.85,153.81,eSewa,Standard,Cancelled
ORD00520,2026-02-06,CUST0269,Hari Thapa,Lalitpur,Keyboard,Accessories,Logitech,5,74.04,10,333.18,49.06,Cash,Express,Cancelled
ORD00521,2026-01-01,CUST0284,Noah Thapa,Biratnagar,Headphones,Audio,Sony,2,122.99,20,196.78,23.09,Card,Express,Delivered
ORD00522,2026-06-25,CUST0244,Bishal Adhikari,Biratnagar,Printer,Office,HP,3,212.79,5,606.45,116.7,Khalti,Express,Delivered
ORD00523,2026-02-23,CUST0140,Sita Sharma,Kathmandu,Monitor,Electronics,LG,4,250.34,5,951.29,101.86,Bank Transfer,Standard,Shipped
ORD00524,2026-06-09,CUST0092,Sophia Adhikari,Pokhara,Headphones,Audio,Sony,5,156.74,10,705.33,63.03,Khalti,Standard,Processing
ORD00525,2026-02-15,CUST0049,Noah Thapa,Butwal,Smartphone,Electronics,Samsung,2,676.99,10,1218.58,152.93,Khalti,Express,Processing
ORD00526,2026-06-21,CUST0030,Sophia Thapa,Pokhara,Laptop,Electronics,Dell,5,851.17,10,3830.26,747.2,Cash,Express,Cancelled
ORD00527,2026-03-05,CUST0226,Olivia Smith,Kathmandu,Printer,Office,HP,4,212.82,15,723.59,84.29,Bank Transfer,Standard,Cancelled
ORD00528,2026-05-04,CUST0091,Ava Adhikari,Pokhara,Headphones,Audio,Sony,3,103.5,15,263.93,46.35,Khalti,Express,Cancelled
ORD00529,2026-02-14,CUST0283,Sita Adhikari,Chitwan,Mouse,Accessories,Logitech,4,53.23,0,212.92,29.86,Card,Express,Shipped
ORD00530,2026-06-22,CUST0241,Aarav Smith,Kathmandu,Printer,Office,HP,1,160.65,10,144.59,20.8,Cash,Express,Cancelled
ORD00531,2026-05-24,CUST0074,Bishal Sharma,Kathmandu,Laptop,Electronics,Dell,2,851.07,5,1617.03,175.75,eSewa,Standard,Cancelled
ORD00532,2026-05-06,CUST0213,Sita Adhikari,Pokhara,Monitor,Electronics,LG,5,258.99,10,1165.46,207.78,Bank Transfer,Express,Processing
ORD00533,2026-03-17,CUST0180,Sita Adhikari,Chitwan,Printer,Office,HP,5,162.35,15,689.99,94.13,Bank Transfer,Standard,Cancelled
ORD00534,2026-05-05,CUST0166,Noah Thapa,Butwal,Keyboard,Accessories,Logitech,5,80.99,20,323.96,80.98,Khalti,Standard,Cancelled
ORD00535,2026-03-01,CUST0231,Aarav KC,Chitwan,Smartphone,Electronics,Samsung,3,685.88,15,1748.99,360.36,Cash,Standard,Shipped
ORD00536,2026-04-05,CUST0234,Ava Adhikari,Chitwan,Monitor,Electronics,LG,1,221.25,0,221.25,24.02,Card,Express,Shipped
ORD00537,2026-01-11,CUST0182,Mason Sharma,Chitwan,Headphones,Audio,Sony,5,129.32,5,614.27,115.96,Bank Transfer,Express,Cancelled
ORD00538,2026-01-05,CUST0069,Liam Adhikari,Kathmandu,Headphones,Audio,Sony,3,155.8,0,467.4,110.61,Card,Standard,Processing
ORD00539,2026-02-09,CUST0233,Noah KC,Lalitpur,Headphones,Audio,Sony,3,158.45,10,427.81,52.88,Khalti,Express,Shipped
ORD00540,2026-04-06,CUST0202,Hari Sharma,Kathmandu,Monitor,Electronics,LG,5,235.08,10,1057.86,259.3,Bank Transfer,Standard,Delivered
ORD00541,2026-05-12,CUST0145,Emma Thapa,Chitwan,Mouse,Accessories,Logitech,1,31.69,10,28.52,2.62,Khalti,Express,Processing
ORD00542,2026-04-22,CUST0064,Olivia KC,Butwal,Smartphone,Electronics,Samsung,5,642.84,10,2892.78,452.5,Bank Transfer,Express,Delivered
ORD00543,2026-06-06,CUST0270,Aarav Smith,Pokhara,Keyboard,Accessories,Logitech,2,47.96,20,76.74,6.69,Cash,Standard,Delivered
ORD00544,2026-05-16,CUST0204,Emma Thapa,Lalitpur,Laptop,Electronics,Dell,3,875.32,5,2494.66,309.42,Bank Transfer,Express,Delivered
ORD00545,2026-02-15,CUST0200,Olivia Smith,Biratnagar,Keyboard,Accessories,Logitech,3,70.47,20,169.13,23.82,Khalti,Standard,Processing
ORD00546,2026-04-25,CUST0097,Aarav Thapa,Chitwan,Printer,Office,HP,4,167.79,15,570.49,86.11,Cash,Standard,Processing
ORD00547,2026-06-20,CUST0008,Mia Thapa,Butwal,Headphones,Audio,Sony,3,115.82,15,295.34,43.27,Cash,Standard,Cancelled
ORD00548,2026-05-11,CUST0095,Bishal Smith,Lalitpur,Laptop,Electronics,Dell,2,875.39,5,1663.24,366.67,Cash,Express,Shipped
ORD00549,2026-06-25,CUST0236,Sita Smith,Lalitpur,Printer,Office,HP,1,180.63,5,171.6,35.87,Card,Standard,Processing
ORD00550,2026-05-12,CUST0079,Mia KC,Butwal,Tablet,Electronics,Apple,4,518.5,5,1970.3,283.81,eSewa,Standard,Shipped
ORD00551,2026-05-01,CUST0196,Mia Sharma,Kathmandu,Mouse,Accessories,Logitech,1,43.3,15,36.8,8.3,Khalti,Standard,Cancelled
ORD00552,2026-02-19,CUST0180,Mason Smith,Chitwan,Mouse,Accessories,Logitech,2,18.02,0,36.04,7.28,eSewa,Express,Delivered
ORD00553,2026-05-26,CUST0051,Sophia Adhikari,Biratnagar,Laptop,Electronics,Dell,4,858.45,15,2918.73,337.74,Cash,Express,Delivered
ORD00554,2026-01-04,CUST0270,Mason KC,Chitwan,Laptop,Electronics,Dell,1,841.18,15,715.0,168.0,eSewa,Express,Delivered
ORD00555,2026-04-23,CUST0128,Mason Adhikari,Kathmandu,Monitor,Electronics,LG,3,204.63,15,521.81,59.51,Cash,Standard,Delivered
ORD00556,2026-03-26,CUST0226,Liam Sharma,Biratnagar,Mouse,Accessories,Logitech,2,45.14,20,72.22,17.71,Card,Standard,Shipped
ORD00557,2026-04-10,CUST0028,Ava Thapa,Butwal,Laptop,Electronics,Dell,1,871.94,20,697.55,129.1,Cash,Standard,Processing
ORD00558,2026-03-06,CUST0199,Sophia Smith,Biratnagar,Headphones,Audio,Sony,2,101.29,20,162.06,14.17,Khalti,Standard,Shipped
ORD00559,2026-04-28,CUST0060,Sophia Sharma,Biratnagar,Headphones,Audio,Sony,1,101.46,10,91.31,18.77,Bank Transfer,Standard,Shipped
ORD00560,2026-04-14,CUST0220,Ava Sharma,Pokhara,Mouse,Accessories,Logitech,3,44.68,15,113.93,28.19,Bank Transfer,Express,Shipped
ORD00561,2026-06-22,CUST0240,Ava Adhikari,Chitwan,Monitor,Electronics,LG,1,250.96,5,238.41,24.0,Cash,Standard,Processing
ORD00562,2026-05-01,CUST0280,Mason Smith,Biratnagar,Keyboard,Accessories,Logitech,4,53.47,5,203.19,42.31,Khalti,Standard,Cancelled
ORD00563,2026-02-04,CUST0105,Bishal KC,Chitwan,Monitor,Electronics,LG,3,235.8,20,565.92,139.49,Khalti,Standard,Processing
ORD00564,2026-01-18,CUST0004,Sita Thapa,Lalitpur,Smartphone,Electronics,Samsung,1,643.47,15,546.95,51.64,Khalti,Express,Cancelled
ORD00565,2026-06-30,CUST0098,Mia Smith,Pokhara,Headphones,Audio,Sony,4,150.51,10,541.84,69.45,Cash,Express,Delivered
ORD00566,2026-04-16,CUST0280,Sophia KC,Lalitpur,Smartphone,Electronics,Samsung,2,662.32,0,1324.64,250.87,Khalti,Express,Processing
ORD00567,2026-04-30,CUST0143,Emma Thapa,Biratnagar,Mouse,Accessories,Logitech,3,41.48,15,105.77,25.96,Khalti,Express,Delivered
ORD00568,2026-02-27,CUST0275,Aarav Sharma,Lalitpur,Mouse,Accessories,Logitech,3,27.43,20,65.83,5.27,Bank Transfer,Standard,Shipped
ORD00569,2026-02-19,CUST0081,Sophia Adhikari,Chitwan,Keyboard,Accessories,Logitech,2,29.96,5,56.92,11.98,Khalti,Standard,Shipped
ORD00570,2026-04-25,CUST0260,Bishal Smith,Kathmandu,Printer,Office,HP,3,214.97,10,580.42,88.24,Cash,Express,Delivered
ORD00571,2026-01-03,CUST0180,Ava Adhikari,Butwal,Headphones,Audio,Sony,2,134.85,15,229.24,38.59,eSewa,Express,Cancelled
ORD00572,2026-04-01,CUST0057,Noah Adhikari,Biratnagar,Smartphone,Electronics,Samsung,4,687.49,15,2337.47,235.29,Card,Express,Cancelled
ORD00573,2026-06-08,CUST0086,Liam Smith,Kathmandu,Smartphone,Electronics,Samsung,4,639.57,15,2174.54,299.92,eSewa,Express,Shipped
ORD00574,2026-01-27,CUST0061,Hari Smith,Chitwan,Headphones,Audio,Sony,5,136.32,15,579.36,124.76,Khalti,Express,Delivered
ORD00575,2026-04-09,CUST0013,Hari Adhikari,Chitwan,Monitor,Electronics,LG,3,231.68,20,556.03,68.64,Card,Express,Delivered
ORD00576,2026-06-03,CUST0045,Noah Sharma,Lalitpur,Mouse,Accessories,Logitech,5,58.48,10,263.16,29.05,Card,Standard,Delivered
ORD00577,2026-03-12,CUST0228,Mia Thapa,Butwal,Mouse,Accessories,Logitech,4,44.65,0,178.6,22.44,eSewa,Standard,Cancelled
ORD00578,2026-05-12,CUST0134,Emma Thapa,Lalitpur,Headphones,Audio,Sony,3,136.16,5,388.06,78.73,Bank Transfer,Standard,Shipped
ORD00579,2026-05-07,CUST0080,Sita Thapa,Pokhara,Tablet,Electronics,Apple,2,519.19,0,1038.38,117.84,Card,Standard,Delivered
ORD00580,2026-05-04,CUST0061,Sita Smith,Pokhara,Headphones,Audio,Sony,1,146.1,5,138.79,16.66,eSewa,Standard,Cancelled
ORD00581,2026-03-04,CUST0039,Mia Thapa,Chitwan,Smartphone,Electronics,Samsung,1,667.34,5,633.97,144.01,Bank Transfer,Standard,Shipped
ORD00582,2026-01-20,CUST0245,Emma KC,Kathmandu,Mouse,Accessories,Logitech,1,10.93,0,10.93,1.32,Khalti,Express,Shipped
ORD00583,2026-03-04,CUST0049,Mia Sharma,Biratnagar,Laptop,Electronics,Dell,3,880.94,10,2378.54,478.91,Card,Standard,Delivered
ORD00584,2026-01-21,CUST0052,Emma Adhikari,Chitwan,Monitor,Electronics,LG,1,244.95,15,208.21,27.71,eSewa,Standard,Processing
ORD00585,2026-06-13,CUST0300,Ava Adhikari,Pokhara,Headphones,Audio,Sony,5,130.23,20,520.92,93.91,Bank Transfer,Express,Shipped
ORD00586,2026-06-10,CUST0168,Emma Adhikari,Pokhara,Monitor,Electronics,LG,4,223.15,10,803.34,128.71,Khalti,Standard,Shipped
ORD00587,2026-03-27,CUST0162,Olivia Smith,Biratnagar,Printer,Office,HP,4,163.83,5,622.55,88.7,Cash,Express,Shipped
ORD00588,2026-05-18,CUST0055,Noah Adhikari,Lalitpur,Keyboard,Accessories,Logitech,5,78.49,5,372.83,49.92,Bank Transfer,Express,Cancelled
ORD00589,2026-01-25,CUST0286,Sita Thapa,Kathmandu,Laptop,Electronics,Dell,1,870.66,15,740.06,76.37,Bank Transfer,Express,Delivered
ORD00590,2026-02-06,CUST0053,Sophia Sharma,Biratnagar,Keyboard,Accessories,Logitech,5,29.1,10,130.95,20.18,Bank Transfer,Standard,Shipped
ORD00591,2026-03-20,CUST0244,Noah Thapa,Lalitpur,Tablet,Electronics,Apple,3,497.52,10,1343.3,252.27,Card,Standard,Shipped
ORD00592,2026-05-28,CUST0135,Olivia Thapa,Kathmandu,Tablet,Electronics,Apple,1,528.32,10,475.49,96.12,Card,Standard,Shipped
ORD00593,2026-05-12,CUST0041,Emma Smith,Kathmandu,Headphones,Audio,Sony,4,102.85,20,329.12,33.02,Bank Transfer,Express,Shipped
ORD00594,2026-03-05,CUST0283,Emma Adhikari,Lalitpur,Tablet,Electronics,Apple,4,485.39,0,1941.56,310.49,eSewa,Express,Cancelled
ORD00595,2026-02-03,CUST0021,Aarav Sharma,Butwal,Monitor,Electronics,LG,5,204.27,20,817.08,196.16,Bank Transfer,Standard,Cancelled
ORD00596,2026-02-15,CUST0216,Hari Thapa,Butwal,Headphones,Audio,Sony,1,140.38,20,112.3,22.58,Bank Transfer,Express,Cancelled
ORD00597,2026-01-05,CUST0257,Hari Adhikari,Butwal,Printer,Office,HP,2,194.88,0,389.76,92.44,eSewa,Express,Delivered
ORD00598,2026-05-23,CUST0060,Aarav KC,Lalitpur,Keyboard,Accessories,Logitech,4,52.51,20,168.03,39.18,Bank Transfer,Standard,Shipped
ORD00599,2026-02-13,CUST0024,Noah KC,Biratnagar,Smartphone,Electronics,Samsung,5,680.79,0,3403.95,359.95,Cash,Standard,Processing
ORD00600,2026-05-02,CUST0044,Sophia Adhikari,Kathmandu,Smartphone,Electronics,Samsung,4,674.95,0,2699.8,488.24,eSewa,Express,Cancelled
ORD00601,2026-03-12,CUST0131,Noah Adhikari,Lalitpur,Keyboard,Accessories,Logitech,5,70.28,10,316.26,53.79,Khalti,Standard,Delivered
ORD00602,2026-06-27,CUST0029,Mason Sharma,Biratnagar,Tablet,Electronics,Apple,3,514.87,0,1544.61,246.46,Cash,Standard,Shipped
ORD00603,2026-06-11,CUST0241,Sita Thapa,Lalitpur,Monitor,Electronics,LG,2,226.58,0,453.16,69.0,Cash,Express,Shipped
ORD00604,2026-04-20,CUST0259,Sophia Smith,Kathmandu,Tablet,Electronics,Apple,1,539.87,5,512.88,54.17,Khalti,Standard,Shipped
ORD00605,2026-05-08,CUST0254,Mia Sharma,Chitwan,Printer,Office,HP,4,202.94,15,690.0,124.6,Bank Transfer,Standard,Processing
ORD00606,2026-06-11,CUST0128,Noah KC,Biratnagar,Tablet,Electronics,Apple,1,522.99,20,418.39,92.39,eSewa,Standard,Cancelled
ORD00607,2026-03-01,CUST0169,Hari KC,Kathmandu,Mouse,Accessories,Logitech,1,12.95,10,11.65,2.51,Card,Standard,Processing
ORD00608,2026-04-09,CUST0215,Mia Sharma,Butwal,Mouse,Accessories,Logitech,3,11.56,10,31.21,3.57,Bank Transfer,Express,Cancelled
ORD00609,2026-05-14,CUST0165,Aarav Adhikari,Butwal,Headphones,Audio,Sony,2,159.81,15,271.68,59.47,Cash,Express,Delivered
ORD00610,2026-04-14,CUST0268,Mason Smith,Pokhara,Headphones,Audio,Sony,4,129.98,10,467.93,46.02,eSewa,Standard,Processing
ORD00611,2026-05-30,CUST0060,Ava Smith,Pokhara,Mouse,Accessories,Logitech,5,33.28,0,166.4,41.43,Cash,Express,Cancelled
ORD00612,2026-06-18,CUST0075,Hari Sharma,Chitwan,Keyboard,Accessories,Logitech,3,70.42,0,211.26,49.19,Cash,Express,Delivered
ORD00613,2026-04-02,CUST0025,Aarav Thapa,Kathmandu,Mouse,Accessories,Logitech,4,30.79,10,110.84,17.98,eSewa,Express,Shipped
ORD00614,2026-02-09,CUST0146,Bishal Adhikari,Pokhara,Keyboard,Accessories,Logitech,4,55.99,5,212.76,27.55,Bank Transfer,Express,Processing
ORD00615,2026-01-03,CUST0041,Sophia Adhikari,Kathmandu,Mouse,Accessories,Logitech,2,18.31,0,36.62,8.69,eSewa,Express,Delivered
ORD00616,2026-05-26,CUST0061,Mia KC,Lalitpur,Tablet,Electronics,Apple,5,496.21,15,2108.89,521.73,Cash,Express,Processing
ORD00617,2026-03-08,CUST0009,Aarav KC,Pokhara,Headphones,Audio,Sony,5,128.55,15,546.34,58.28,Card,Standard,Delivered
ORD00618,2026-05-25,CUST0225,Bishal Thapa,Pokhara,Headphones,Audio,Sony,3,116.49,15,297.05,29.54,eSewa,Standard,Delivered
ORD00619,2026-03-23,CUST0142,Aarav Sharma,Kathmandu,Laptop,Electronics,Dell,3,887.05,10,2395.03,329.13,eSewa,Express,Cancelled
ORD00620,2026-01-27,CUST0186,Sophia Sharma,Butwal,Printer,Office,HP,5,203.93,10,917.69,215.36,eSewa,Express,Delivered
ORD00621,2026-03-17,CUST0127,Mia Thapa,Biratnagar,Mouse,Accessories,Logitech,2,31.81,15,54.08,11.48,Khalti,Express,Shipped
ORD00622,2026-01-17,CUST0085,Ava Thapa,Butwal,Mouse,Accessories,Logitech,3,9.44,15,24.07,5.45,Bank Transfer,Standard,Delivered
ORD00623,2026-04-20,CUST0143,Aarav Thapa,Lalitpur,Mouse,Accessories,Logitech,1,41.97,15,35.67,8.14,eSewa,Express,Processing
ORD00624,2026-04-17,CUST0102,Sita Thapa,Kathmandu,Monitor,Electronics,LG,1,256.68,10,231.01,25.75,eSewa,Standard,Delivered
ORD00625,2026-04-01,CUST0036,Sophia Adhikari,Chitwan,Printer,Office,HP,3,181.25,0,543.75,134.41,Bank Transfer,Standard,Processing
ORD00626,2026-04-09,CUST0188,Bishal KC,Kathmandu,Smartphone,Electronics,Samsung,1,685.93,10,617.34,51.15,eSewa,Standard,Shipped
ORD00627,2026-03-02,CUST0101,Bishal Thapa,Pokhara,Smartphone,Electronics,Samsung,3,682.13,0,2046.39,427.26,Bank Transfer,Express,Shipped
ORD00628,2026-03-02,CUST0022,Emma Thapa,Biratnagar,Tablet,Electronics,Apple,4,513.91,15,1747.29,231.96,Bank Transfer,Standard,Delivered
ORD00629,2026-03-16,CUST0248,Liam Thapa,Kathmandu,Monitor,Electronics,LG,3,259.59,10,700.89,62.82,eSewa,Standard,Processing
ORD00630,2026-04-26,CUST0051,Sophia Thapa,Butwal,Printer,Office,HP,1,216.46,5,205.64,27.65,Card,Express,Cancelled
ORD00631,2026-03-12,CUST0075,Liam Sharma,Butwal,Mouse,Accessories,Logitech,5,17.72,15,75.31,11.4,Bank Transfer,Express,Shipped
ORD00632,2026-01-19,CUST0049,Mia Smith,Pokhara,Smartphone,Electronics,Samsung,4,645.17,10,2322.61,255.21,Khalti,Express,Delivered
ORD00633,2026-05-11,CUST0299,Mason Smith,Lalitpur,Laptop,Electronics,Dell,4,881.92,20,2822.14,463.8,Cash,Standard,Processing
ORD00634,2026-04-03,CUST0185,Aarav Sharma,Pokhara,Tablet,Electronics,Apple,3,514.16,10,1388.23,342.76,Cash,Express,Cancelled
ORD00635,2026-01-04,CUST0254,Emma Adhikari,Biratnagar,Monitor,Electronics,LG,5,203.11,5,964.77,129.61,Card,Express,Processing
ORD00636,2026-05-24,CUST0187,Liam Thapa,Chitwan,Smartphone,Electronics,Samsung,4,682.09,5,2591.94,262.56,Card,Express,Delivered
ORD00637,2026-05-07,CUST0200,Mason Adhikari,Kathmandu,Mouse,Accessories,Logitech,1,13.42,15,11.41,2.09,Card,Standard,Cancelled
ORD00638,2026-01-06,CUST0033,Liam Smith,Biratnagar,Tablet,Electronics,Apple,1,538.75,20,431.0,103.17,Bank Transfer,Express,Cancelled
ORD00639,2026-01-21,CUST0294,Noah Thapa,Butwal,Headphones,Audio,Sony,3,116.72,20,280.13,42.92,Khalti,Standard,Delivered
ORD00640,2026-06-29,CUST0155,Sophia Sharma,Kathmandu,Keyboard,Accessories,Logitech,5,55.41,0,277.05,58.54,Bank Transfer,Express,Delivered
ORD00641,2026-04-21,CUST0039,Noah Smith,Biratnagar,Printer,Office,HP,4,190.46,0,761.84,152.02,Bank Transfer,Standard,Delivered
ORD00642,2026-06-05,CUST0105,Sita KC,Lalitpur,Tablet,Electronics,Apple,3,534.77,10,1443.88,148.72,Card,Standard,Shipped
ORD00643,2026-02-07,CUST0092,Liam Sharma,Biratnagar,Keyboard,Accessories,Logitech,3,51.92,10,140.18,27.59,Card,Standard,Processing
ORD00644,2026-04-10,CUST0064,Olivia Thapa,Pokhara,Laptop,Electronics,Dell,4,835.07,5,3173.27,494.16,Khalti,Express,Cancelled
ORD00645,2026-06-26,CUST0231,Olivia Sharma,Biratnagar,Monitor,Electronics,LG,4,259.62,0,1038.48,237.55,eSewa,Standard,Delivered
ORD00646,2026-04-07,CUST0267,Mason KC,Kathmandu,Smartphone,Electronics,Samsung,3,668.61,20,1604.66,291.44,Bank Transfer,Express,Cancelled
ORD00647,2026-03-12,CUST0273,Bishal Thapa,Pokhara,Smartphone,Electronics,Samsung,1,639.74,5,607.75,81.56,eSewa,Standard,Processing
ORD00648,2026-04-20,CUST0105,Sita Thapa,Kathmandu,Smartphone,Electronics,Samsung,4,658.46,15,2238.76,259.37,eSewa,Express,Cancelled
ORD00649,2026-03-29,CUST0056,Sita Smith,Pokhara,Mouse,Accessories,Logitech,2,51.83,5,98.48,14.49,Card,Standard,Shipped
ORD00650,2026-03-12,CUST0099,Ava Smith,Pokhara,Keyboard,Accessories,Logitech,3,56.12,15,143.11,28.95,Card,Standard,Delivered
ORD00651,2026-06-23,CUST0084,Mia Thapa,Butwal,Laptop,Electronics,Dell,3,885.91,20,2126.18,202.85,Khalti,Express,Delivered
ORD00652,2026-01-05,CUST0221,Emma Thapa,Kathmandu,Laptop,Electronics,Dell,4,839.64,0,3358.56,720.29,Bank Transfer,Standard,Shipped
ORD00653,2026-01-17,CUST0214,Ava Sharma,Kathmandu,Laptop,Electronics,Dell,5,855.47,15,3635.75,587.92,Cash,Standard,Processing
ORD00654,2026-04-13,CUST0278,Hari Sharma,Pokhara,Mouse,Accessories,Logitech,4,48.03,5,182.51,15.52,Khalti,Standard,Delivered
ORD00655,2026-06-04,CUST0150,Hari Sharma,Butwal,Smartphone,Electronics,Samsung,1,667.48,0,667.48,96.2,Card,Express,Processing
ORD00656,2026-02-10,CUST0017,Mason Sharma,Lalitpur,Monitor,Electronics,LG,3,226.06,0,678.18,123.16,eSewa,Express,Shipped
ORD00657,2026-01-14,CUST0014,Liam KC,Chitwan,Laptop,Electronics,Dell,5,830.56,15,3529.88,526.63,Bank Transfer,Express,Cancelled
ORD00658,2026-01-03,CUST0114,Bishal Sharma,Butwal,Smartphone,Electronics,Samsung,4,630.75,15,2144.55,404.13,Cash,Express,Delivered
ORD00659,2026-04-28,CUST0014,Noah Adhikari,Kathmandu,Tablet,Electronics,Apple,3,533.65,20,1280.76,265.42,Card,Express,Processing
ORD00660,2026-06-09,CUST0089,Liam Thapa,Biratnagar,Keyboard,Accessories,Logitech,4,26.97,15,91.7,17.74,Card,Express,Cancelled
ORD00661,2026-05-10,CUST0231,Emma Smith,Lalitpur,Headphones,Audio,Sony,2,139.97,15,237.95,25.09,Bank Transfer,Standard,Cancelled
ORD00662,2026-05-25,CUST0287,Noah KC,Chitwan,Mouse,Accessories,Logitech,1,18.43,20,14.74,1.57,Card,Express,Shipped
ORD00663,2026-05-07,CUST0142,Mia Adhikari,Chitwan,Tablet,Electronics,Apple,4,501.48,10,1805.33,301.96,Bank Transfer,Standard,Delivered
ORD00664,2026-01-03,CUST0115,Noah Adhikari,Pokhara,Monitor,Electronics,LG,5,224.38,5,1065.81,165.02,Khalti,Standard,Delivered
ORD00665,2026-02-25,CUST0150,Mia KC,Kathmandu,Monitor,Electronics,LG,1,231.67,10,208.5,50.27,Khalti,Express,Shipped
ORD00666,2026-03-14,CUST0120,Sita Sharma,Chitwan,Mouse,Accessories,Logitech,3,54.02,20,129.65,19.43,eSewa,Standard,Cancelled
ORD00667,2026-03-28,CUST0203,Sophia Adhikari,Biratnagar,Smartphone,Electronics,Samsung,2,666.71,5,1266.75,122.96,Bank Transfer,Express,Processing
ORD00668,2026-01-31,CUST0147,Hari Sharma,Butwal,Smartphone,Electronics,Samsung,5,660.91,15,2808.87,504.43,Card,Express,Delivered
ORD00669,2026-04-14,CUST0203,Bishal Adhikari,Kathmandu,Keyboard,Accessories,Logitech,1,82.29,10,74.06,16.18,eSewa,Standard,Shipped
ORD00670,2026-05-13,CUST0191,Mia Sharma,Pokhara,Smartphone,Electronics,Samsung,2,653.49,15,1110.93,195.31,Bank Transfer,Standard,Delivered
ORD00671,2026-01-25,CUST0093,Mason Thapa,Kathmandu,Tablet,Electronics,Apple,4,507.83,20,1625.06,139.93,Cash,Standard,Cancelled
ORD00672,2026-01-12,CUST0017,Sophia Adhikari,Kathmandu,Monitor,Electronics,LG,4,249.49,20,798.37,72.38,Card,Express,Processing
ORD00673,2026-06-03,CUST0116,Mia Smith,Butwal,Smartphone,Electronics,Samsung,2,655.42,20,1048.67,171.18,Khalti,Express,Delivered
ORD00674,2026-06-08,CUST0036,Olivia Smith,Butwal,Printer,Office,HP,4,187.69,20,600.61,111.08,Bank Transfer,Express,Shipped
ORD00675,2026-03-12,CUST0136,Noah Sharma,Biratnagar,Keyboard,Accessories,Logitech,4,45.74,10,164.66,37.71,Cash,Standard,Processing
ORD00676,2026-01-26,CUST0277,Noah KC,Lalitpur,Smartphone,Electronics,Samsung,4,633.26,15,2153.08,219.34,Cash,Standard,Cancelled
ORD00677,2026-05-29,CUST0061,Sita Adhikari,Lalitpur,Mouse,Accessories,Logitech,2,24.46,5,46.47,4.99,Card,Standard,Shipped
ORD00678,2026-03-13,CUST0105,Liam Smith,Kathmandu,Monitor,Electronics,LG,3,246.05,15,627.43,117.06,eSewa,Standard,Processing
ORD00679,2026-06-21,CUST0104,Olivia Sharma,Lalitpur,Monitor,Electronics,LG,3,227.64,10,614.63,96.15,Khalti,Standard,Cancelled
ORD00680,2026-04-16,CUST0211,Mason KC,Pokhara,Keyboard,Accessories,Logitech,1,63.67,0,63.67,10.18,eSewa,Standard,Processing
ORD00681,2026-04-18,CUST0140,Bishal Sharma,Chitwan,Monitor,Electronics,LG,4,206.02,20,659.26,164.66,Card,Standard,Processing
ORD00682,2026-01-30,CUST0007,Hari Sharma,Biratnagar,Mouse,Accessories,Logitech,5,33.76,20,135.04,25.73,Cash,Standard,Shipped
ORD00683,2026-02-09,CUST0285,Bishal KC,Pokhara,Headphones,Audio,Sony,1,120.87,10,108.78,25.09,Cash,Express,Processing
ORD00684,2026-02-06,CUST0266,Ava Sharma,Lalitpur,Tablet,Electronics,Apple,3,484.18,0,1452.54,132.37,Card,Standard,Shipped
ORD00685,2026-01-26,CUST0277,Aarav Smith,Pokhara,Mouse,Accessories,Logitech,2,59.46,15,101.08,14.08,Cash,Standard,Cancelled
ORD00686,2026-01-03,CUST0221,Aarav Sharma,Chitwan,Smartphone,Electronics,Samsung,3,666.58,15,1699.78,226.58,Cash,Standard,Shipped
ORD00687,2026-05-15,CUST0184,Hari Smith,Lalitpur,Printer,Office,HP,3,167.74,5,478.06,101.58,Khalti,Express,Shipped
ORD00688,2026-03-27,CUST0018,Hari Thapa,Chitwan,Smartphone,Electronics,Samsung,4,668.35,10,2406.06,228.89,Khalti,Express,Shipped
ORD00689,2026-06-12,CUST0298,Emma Adhikari,Kathmandu,Headphones,Audio,Sony,5,156.96,10,706.32,146.61,Bank Transfer,Express,Shipped
ORD00690,2026-04-05,CUST0093,Noah Thapa,Kathmandu,Laptop,Electronics,Dell,5,876.45,10,3944.03,373.33,Bank Transfer,Standard,Delivered
ORD00691,2026-05-22,CUST0021,Mia KC,Pokhara,Keyboard,Accessories,Logitech,4,77.2,10,277.92,44.81,Cash,Standard,Processing
ORD00692,2026-03-03,CUST0229,Mia Sharma,Biratnagar,Mouse,Accessories,Logitech,1,8.96,20,7.17,0.78,eSewa,Express,Processing
ORD00693,2026-02-21,CUST0017,Mia Adhikari,Pokhara,Mouse,Accessories,Logitech,2,25.24,15,42.91,6.66,Bank Transfer,Express,Delivered
ORD00694,2026-03-28,CUST0134,Liam Adhikari,Lalitpur,Mouse,Accessories,Logitech,4,38.84,0,155.36,20.81,eSewa,Standard,Delivered
ORD00695,2026-01-07,CUST0288,Sophia Sharma,Lalitpur,Mouse,Accessories,Logitech,2,14.11,15,23.99,2.62,Khalti,Express,Cancelled
ORD00696,2026-03-23,CUST0070,Noah KC,Biratnagar,Monitor,Electronics,LG,4,231.37,0,925.48,130.49,eSewa,Standard,Cancelled
ORD00697,2026-01-23,CUST0012,Aarav Thapa,Kathmandu,Monitor,Electronics,LG,4,255.51,0,1022.04,109.64,Cash,Express,Delivered
ORD00698,2026-05-12,CUST0044,Sita Sharma,Biratnagar,Mouse,Accessories,Logitech,1,41.94,5,39.84,6.96,Cash,Standard,Processing
ORD00699,2026-04-15,CUST0264,Hari Sharma,Kathmandu,Tablet,Electronics,Apple,1,533.46,5,506.79,95.77,Card,Standard,Delivered
ORD00700,2026-04-10,CUST0052,Sita Adhikari,Lalitpur,Laptop,Electronics,Dell,2,872.24,15,1482.81,179.08,Khalti,Standard,Cancelled
ORD00701,2026-01-02,CUST0173,Emma Sharma,Lalitpur,Tablet,Electronics,Apple,3,520.74,20,1249.78,301.51,Bank Transfer,Standard,Processing
ORD00702,2026-03-25,CUST0122,Ava Adhikari,Pokhara,Monitor,Electronics,LG,5,222.99,20,891.96,123.46,Card,Standard,Delivered
ORD00703,2026-05-19,CUST0072,Ava Adhikari,Chitwan,Mouse,Accessories,Logitech,2,38.79,0,77.58,6.52,Khalti,Express,Shipped
ORD00704,2026-02-17,CUST0231,Noah Smith,Butwal,Monitor,Electronics,LG,5,229.85,20,919.4,75.71,Card,Standard,Delivered
ORD00705,2026-04-26,CUST0127,Olivia Adhikari,Kathmandu,Mouse,Accessories,Logitech,5,61.91,10,278.59,51.2,Khalti,Express,Delivered
ORD00706,2026-02-01,CUST0081,Hari Adhikari,Biratnagar,Headphones,Audio,Sony,3,150.68,5,429.44,61.08,Bank Transfer,Standard,Shipped
ORD00707,2026-06-02,CUST0152,Bishal Smith,Lalitpur,Printer,Office,HP,4,209.23,5,795.07,187.5,Card,Express,Cancelled
ORD00708,2026-04-19,CUST0178,Noah KC,Butwal,Monitor,Electronics,LG,3,230.69,10,622.86,138.5,Khalti,Express,Cancelled
ORD00709,2026-05-10,CUST0283,Noah KC,Chitwan,Monitor,Electronics,LG,2,226.79,20,362.86,44.25,Khalti,Express,Cancelled
ORD00710,2026-03-11,CUST0214,Olivia Adhikari,Pokhara,Monitor,Electronics,LG,5,207.62,10,934.29,194.45,Cash,Standard,Processing
ORD00711,2026-02-28,CUST0031,Olivia Adhikari,Kathmandu,Smartphone,Electronics,Samsung,3,646.97,10,1746.82,324.35,eSewa,Express,Cancelled
ORD00712,2026-03-31,CUST0287,Noah KC,Biratnagar,Keyboard,Accessories,Logitech,1,50.05,15,42.54,7.8,eSewa,Express,Cancelled
ORD00713,2026-03-09,CUST0166,Emma KC,Lalitpur,Mouse,Accessories,Logitech,1,20.7,20,16.56,2.79,Cash,Express,Cancelled
ORD00714,2026-01-22,CUST0087,Mia Sharma,Lalitpur,Printer,Office,HP,5,194.37,10,874.67,145.11,Bank Transfer,Express,Cancelled
ORD00715,2026-02-03,CUST0160,Liam KC,Pokhara,Headphones,Audio,Sony,3,132.55,10,357.89,69.9,Cash,Standard,Processing
ORD00716,2026-04-28,CUST0148,Olivia Adhikari,Butwal,Printer,Office,HP,4,211.2,5,802.56,144.0,Cash,Express,Processing
ORD00717,2026-03-02,CUST0237,Liam Sharma,Biratnagar,Keyboard,Accessories,Logitech,5,47.98,5,227.9,24.16,eSewa,Standard,Shipped
ORD00718,2026-02-26,CUST0008,Olivia Smith,Chitwan,Mouse,Accessories,Logitech,5,27.83,15,118.28,25.46,eSewa,Standard,Cancelled
ORD00719,2026-04-06,CUST0154,Hari Adhikari,Biratnagar,Printer,Office,HP,2,199.24,5,378.56,74.65,Bank Transfer,Express,Processing
ORD00720,2026-01-23,CUST0255,Ava Sharma,Pokhara,Keyboard,Accessories,Logitech,4,27.99,15,95.17,19.9,eSewa,Express,Cancelled
ORD00721,2026-02-01,CUST0285,Liam Adhikari,Butwal,Mouse,Accessories,Logitech,2,15.9,10,28.62,6.87,Cash,Standard,Delivered
ORD00722,2026-06-08,CUST0264,Hari Adhikari,Kathmandu,Headphones,Audio,Sony,5,146.26,20,585.04,95.05,Card,Express,Delivered
ORD00723,2026-05-13,CUST0183,Mason Thapa,Pokhara,Keyboard,Accessories,Logitech,1,34.53,0,34.53,3.74,Cash,Standard,Processing
ORD00724,2026-03-28,CUST0294,Hari Sharma,Butwal,Keyboard,Accessories,Logitech,5,81.21,10,365.44,60.46,Cash,Standard,Shipped
ORD00725,2026-03-16,CUST0094,Sophia Smith,Biratnagar,Smartphone,Electronics,Samsung,3,636.09,15,1622.03,325.21,Bank Transfer,Standard,Cancelled
ORD00726,2026-04-08,CUST0254,Mason Smith,Kathmandu,Monitor,Electronics,LG,5,230.14,5,1093.16,115.67,Khalti,Standard,Cancelled
ORD00727,2026-02-07,CUST0188,Olivia Smith,Pokhara,Headphones,Audio,Sony,1,143.43,10,129.09,24.57,eSewa,Standard,Processing
ORD00728,2026-01-07,CUST0180,Noah Adhikari,Pokhara,Tablet,Electronics,Apple,4,500.67,0,2002.68,497.56,Cash,Express,Shipped
ORD00729,2026-02-27,CUST0204,Sophia KC,Biratnagar,Laptop,Electronics,Dell,4,861.14,5,3272.33,612.79,Cash,Standard,Processing
ORD00730,2026-01-27,CUST0183,Mason Thapa,Biratnagar,Keyboard,Accessories,Logitech,1,70.98,5,67.43,16.57,Khalti,Express,Shipped
ORD00731,2026-02-04,CUST0246,Aarav Adhikari,Kathmandu,Monitor,Electronics,LG,2,213.58,5,405.8,89.65,eSewa,Standard,Cancelled
ORD00732,2026-05-29,CUST0188,Liam KC,Pokhara,Headphones,Audio,Sony,3,133.6,0,400.8,86.09,eSewa,Express,Cancelled
ORD00733,2026-03-15,CUST0102,Bishal Adhikari,Kathmandu,Smartphone,Electronics,Samsung,3,636.27,20,1527.05,202.61,eSewa,Standard,Cancelled
ORD00734,2026-05-04,CUST0177,Ava KC,Lalitpur,Headphones,Audio,Sony,1,138.77,20,111.02,11.21,Cash,Express,Shipped
ORD00735,2026-02-23,CUST0234,Mia Smith,Pokhara,Tablet,Electronics,Apple,3,522.57,0,1567.71,263.32,Cash,Standard,Shipped
ORD00736,2026-02-11,CUST0294,Liam Smith,Butwal,Headphones,Audio,Sony,1,141.96,10,127.76,11.81,Bank Transfer,Standard,Cancelled
ORD00737,2026-02-25,CUST0249,Ava Adhikari,Chitwan,Keyboard,Accessories,Logitech,3,55.67,20,133.61,19.72,Bank Transfer,Express,Delivered
ORD00738,2026-02-01,CUST0147,Noah Adhikari,Kathmandu,Headphones,Audio,Sony,4,149.57,20,478.62,75.26,Card,Express,Cancelled
ORD00739,2026-05-31,CUST0035,Mia Smith,Kathmandu,Printer,Office,HP,3,177.51,10,479.28,86.19,Cash,Standard,Delivered
ORD00740,2026-03-27,CUST0170,Emma Adhikari,Chitwan,Tablet,Electronics,Apple,3,484.99,5,1382.22,279.36,Bank Transfer,Standard,Delivered
ORD00741,2026-05-25,CUST0268,Noah Thapa,Pokhara,Smartphone,Electronics,Samsung,1,668.32,15,568.07,91.49,Bank Transfer,Standard,Processing
ORD00742,2026-04-27,CUST0023,Emma Thapa,Biratnagar,Headphones,Audio,Sony,1,152.71,15,129.8,12.17,Cash,Standard,Shipped
ORD00743,2026-02-14,CUST0014,Mia Smith,Kathmandu,Monitor,Electronics,LG,2,203.83,10,366.89,63.72,Cash,Express,Cancelled
ORD00744,2026-05-02,CUST0015,Noah Thapa,Pokhara,Tablet,Electronics,Apple,5,520.0,15,2210.0,325.29,Khalti,Standard,Cancelled
ORD00745,2026-06-12,CUST0218,Aarav Smith,Kathmandu,Smartphone,Electronics,Samsung,3,683.25,0,2049.75,178.57,Card,Standard,Delivered
ORD00746,2026-05-05,CUST0066,Aarav Thapa,Lalitpur,Keyboard,Accessories,Logitech,2,43.59,0,87.18,9.09,eSewa,Standard,Delivered
ORD00747,2026-06-20,CUST0227,Mia Smith,Lalitpur,Headphones,Audio,Sony,4,151.12,15,513.81,51.18,Bank Transfer,Standard,Processing
ORD00748,2026-05-07,CUST0037,Mia Adhikari,Pokhara,Mouse,Accessories,Logitech,4,59.62,0,238.48,41.81,Cash,Express,Cancelled
ORD00749,2026-06-27,CUST0190,Aarav Sharma,Kathmandu,Smartphone,Electronics,Samsung,1,675.96,15,574.57,109.3,Cash,Express,Shipped
ORD00750,2026-03-12,CUST0003,Aarav Sharma,Butwal,Headphones,Audio,Sony,1,124.18,20,99.34,19.2,Card,Standard,Processing
ORD00751,2026-06-05,CUST0281,Sophia KC,Chitwan,Laptop,Electronics,Dell,2,870.84,10,1567.51,174.83,Khalti,Express,Cancelled
ORD00752,2026-05-03,CUST0103,Hari KC,Kathmandu,Keyboard,Accessories,Logitech,4,67.47,0,269.88,49.0,Card,Express,Processing
ORD00753,2026-04-18,CUST0063,Bishal Adhikari,Biratnagar,Monitor,Electronics,LG,2,256.3,10,461.34,63.39,Khalti,Standard,Processing
ORD00754,2026-02-18,CUST0084,Olivia Adhikari,Pokhara,Keyboard,Accessories,Logitech,5,45.72,20,182.88,25.43,eSewa,Standard,Cancelled
ORD00755,2026-04-27,CUST0266,Olivia Sharma,Butwal,Mouse,Accessories,Logitech,5,23.01,10,103.55,15.36,Cash,Standard,Cancelled
ORD00756,2026-04-06,CUST0062,Emma KC,Kathmandu,Laptop,Electronics,Dell,1,881.65,15,749.4,65.1,Cash,Express,Cancelled
ORD00757,2026-02-16,CUST0177,Aarav Thapa,Pokhara,Tablet,Electronics,Apple,4,499.84,0,1999.36,432.48,Bank Transfer,Standard,Processing
ORD00758,2026-02-16,CUST0028,Bishal Thapa,Butwal,Headphones,Audio,Sony,1,151.28,20,121.02,10.61,Card,Standard,Cancelled
ORD00759,2026-02-19,CUST0023,Mason Thapa,Biratnagar,Monitor,Electronics,LG,5,256.71,5,1219.37,220.43,Bank Transfer,Express,Processing
ORD00760,2026-04-14,CUST0210,Emma KC,Butwal,Printer,Office,HP,5,165.61,10,745.25,139.54,Bank Transfer,Standard,Delivered
ORD00761,2026-06-08,CUST0183,Sita KC,Butwal,Mouse,Accessories,Logitech,5,16.47,20,65.88,10.35,Bank Transfer,Standard,Delivered
ORD00762,2026-05-12,CUST0197,Sita Adhikari,Pokhara,Smartphone,Electronics,Samsung,2,645.42,15,1097.21,130.16,Bank Transfer,Standard,Processing
ORD00763,2026-02-20,CUST0244,Noah Thapa,Biratnagar,Mouse,Accessories,Logitech,2,42.46,0,84.92,17.91,eSewa,Express,Processing
ORD00764,2026-02-19,CUST0194,Emma Sharma,Chitwan,Printer,Office,HP,3,210.34,0,631.02,102.03,Bank Transfer,Express,Delivered
ORD00765,2026-04-14,CUST0062,Hari Sharma,Kathmandu,Mouse,Accessories,Logitech,2,48.35,15,82.19,19.25,eSewa,Standard,Delivered
ORD00766,2026-03-27,CUST0023,Sita Smith,Kathmandu,Smartphone,Electronics,Samsung,4,642.77,0,2571.08,489.16,Cash,Standard,Delivered
ORD00767,2026-04-09,CUST0233,Emma Thapa,Butwal,Laptop,Electronics,Dell,3,883.84,20,2121.22,307.7,Card,Express,Shipped
ORD00768,2026-01-28,CUST0153,Aarav Adhikari,Chitwan,Laptop,Electronics,Dell,2,871.42,5,1655.7,248.47,eSewa,Standard,Delivered
ORD00769,2026-05-17,CUST0289,Bishal Thapa,Pokhara,Laptop,Electronics,Dell,4,879.65,15,2990.81,536.69,Card,Standard,Cancelled
ORD00770,2026-01-15,CUST0212,Mia KC,Lalitpur,Keyboard,Accessories,Logitech,4,65.8,15,223.72,43.66,Bank Transfer,Express,Delivered
ORD00771,2026-02-22,CUST0017,Sita Smith,Pokhara,Headphones,Audio,Sony,5,144.21,10,648.95,95.09,Bank Transfer,Standard,Shipped
ORD00772,2026-06-12,CUST0069,Mia Thapa,Biratnagar,Smartphone,Electronics,Samsung,4,640.28,10,2305.01,527.42,Khalti,Standard,Shipped
ORD00773,2026-05-13,CUST0030,Bishal Thapa,Lalitpur,Laptop,Electronics,Dell,2,830.31,20,1328.5,221.06,Cash,Standard,Cancelled
ORD00774,2026-05-23,CUST0191,Aarav Smith,Biratnagar,Printer,Office,HP,3,179.53,20,430.87,40.21,Cash,Express,Cancelled
ORD00775,2026-05-11,CUST0003,Noah Smith,Lalitpur,Smartphone,Electronics,Samsung,2,641.79,20,1026.86,128.66,Cash,Standard,Delivered
ORD00776,2026-05-13,CUST0043,Bishal Smith,Pokhara,Printer,Office,HP,4,193.66,15,658.44,79.43,Cash,Standard,Delivered
ORD00777,2026-03-16,CUST0057,Noah Thapa,Lalitpur,Laptop,Electronics,Dell,2,859.77,20,1375.63,215.36,Card,Express,Cancelled
ORD00778,2026-01-14,CUST0287,Hari Smith,Kathmandu,Mouse,Accessories,Logitech,5,32.48,15,138.04,24.55,Bank Transfer,Standard,Processing
ORD00779,2026-02-15,CUST0222,Mia Sharma,Chitwan,Headphones,Audio,Sony,1,129.38,5,122.91,22.3,Cash,Standard,Delivered
ORD00780,2026-06-27,CUST0021,Hari Sharma,Pokhara,Laptop,Electronics,Dell,1,882.37,15,750.01,88.29,Khalti,Standard,Processing
ORD00781,2026-04-10,CUST0206,Mason Thapa,Chitwan,Monitor,Electronics,LG,3,220.23,15,561.59,59.02,Khalti,Standard,Delivered
ORD00782,2026-01-22,CUST0093,Aarav Sharma,Lalitpur,Keyboard,Accessories,Logitech,3,53.53,15,136.5,30.03,Khalti,Express,Delivered
ORD00783,2026-03-20,CUST0244,Bishal Smith,Pokhara,Smartphone,Electronics,Samsung,1,639.36,15,543.46,106.87,Cash,Standard,Shipped
ORD00784,2026-04-10,CUST0080,Hari Thapa,Lalitpur,Headphones,Audio,Sony,2,147.62,20,236.19,26.35,Cash,Express,Cancelled
ORD00785,2026-03-25,CUST0010,Hari Sharma,Chitwan,Mouse,Accessories,Logitech,2,16.23,10,29.21,6.69,Card,Express,Delivered
ORD00786,2026-03-23,CUST0069,Mia Adhikari,Butwal,Smartphone,Electronics,Samsung,4,653.27,5,2482.43,366.11,Bank Transfer,Standard,Processing
ORD00787,2026-03-05,CUST0192,Liam Sharma,Kathmandu,Mouse,Accessories,Logitech,5,20.28,20,81.12,14.61,Khalti,Express,Processing
ORD00788,2026-01-04,CUST0138,Aarav Smith,Pokhara,Monitor,Electronics,LG,2,213.77,15,363.41,39.9,Khalti,Standard,Cancelled
ORD00789,2026-03-22,CUST0140,Emma Smith,Biratnagar,Keyboard,Accessories,Logitech,4,83.79,10,301.64,47.35,Cash,Express,Cancelled
ORD00790,2026-03-28,CUST0148,Hari Smith,Chitwan,Laptop,Electronics,Dell,1,873.88,20,699.1,109.16,Cash,Express,Shipped
ORD00791,2026-03-03,CUST0164,Bishal KC,Lalitpur,Tablet,Electronics,Apple,2,521.28,15,886.18,193.15,eSewa,Express,Cancelled
ORD00792,2026-03-22,CUST0063,Noah KC,Butwal,Smartphone,Electronics,Samsung,5,643.03,10,2893.63,317.27,Card,Standard,Delivered
ORD00793,2026-05-07,CUST0144,Mason Adhikari,Butwal,Tablet,Electronics,Apple,2,487.82,0,975.64,201.86,Card,Standard,Delivered
ORD00794,2026-04-22,CUST0160,Sita Thapa,Chitwan,Keyboard,Accessories,Logitech,2,64.17,20,102.67,24.68,Cash,Standard,Delivered
ORD00795,2026-04-12,CUST0019,Mia KC,Lalitpur,Printer,Office,HP,4,169.62,10,610.63,133.48,Cash,Standard,Delivered
ORD00796,2026-04-11,CUST0186,Noah Sharma,Kathmandu,Monitor,Electronics,LG,2,237.72,5,451.67,88.06,eSewa,Standard,Processing
ORD00797,2026-04-20,CUST0169,Ava Smith,Pokhara,Printer,Office,HP,3,201.42,5,574.05,79.88,eSewa,Standard,Delivered
ORD00798,2026-06-08,CUST0217,Liam KC,Lalitpur,Laptop,Electronics,Dell,3,831.53,5,2369.86,369.94,eSewa,Express,Delivered
ORD00799,2026-06-17,CUST0049,Liam Smith,Chitwan,Smartphone,Electronics,Samsung,2,676.93,5,1286.17,122.38,Card,Express,Shipped
ORD00800,2026-04-10,CUST0066,Mason Smith,Pokhara,Printer,Office,HP,2,192.15,15,326.65,59.21,Bank Transfer,Express,Cancelled
ORD00801,2026-01-03,CUST0035,Mason Adhikari,Butwal,Printer,Office,HP,2,207.0,15,351.9,33.54,Card,Express,Processing
ORD00802,2026-06-01,CUST0098,Hari Adhikari,Biratnagar,Printer,Office,HP,4,217.08,15,738.07,95.18,eSewa,Express,Cancelled
ORD00803,2026-06-09,CUST0295,Emma Sharma,Pokhara,Mouse,Accessories,Logitech,1,37.78,10,34.0,3.13,eSewa,Express,Cancelled
ORD00804,2026-05-02,CUST0230,Mia Smith,Chitwan,Smartphone,Electronics,Samsung,3,674.88,10,1822.18,352.73,eSewa,Express,Processing
ORD00805,2026-06-21,CUST0075,Noah Smith,Chitwan,Keyboard,Accessories,Logitech,5,84.32,5,400.52,85.6,Khalti,Standard,Cancelled
ORD00806,2026-01-01,CUST0002,Bishal Thapa,Butwal,Printer,Office,HP,1,202.29,20,161.83,24.02,Card,Express,Processing
ORD00807,2026-01-02,CUST0133,Liam KC,Kathmandu,Laptop,Electronics,Dell,5,843.83,5,4008.19,923.71,Khalti,Express,Cancelled
ORD00808,2026-03-04,CUST0058,Sita KC,Biratnagar,Keyboard,Accessories,Logitech,5,36.26,5,172.23,35.57,Card,Standard,Processing
ORD00809,2026-05-28,CUST0071,Ava Thapa,Lalitpur,Mouse,Accessories,Logitech,1,23.24,10,20.92,2.85,Cash,Express,Delivered
ORD00810,2026-04-22,CUST0256,Mason Adhikari,Biratnagar,Printer,Office,HP,3,181.84,15,463.69,52.97,Card,Standard,Cancelled
ORD00811,2026-03-04,CUST0055,Bishal KC,Lalitpur,Tablet,Electronics,Apple,4,493.17,0,1972.68,291.79,Card,Standard,Delivered
ORD00812,2026-05-27,CUST0016,Bishal Thapa,Butwal,Printer,Office,HP,4,195.39,10,703.4,57.52,eSewa,Express,Cancelled
ORD00813,2026-01-02,CUST0002,Hari Adhikari,Lalitpur,Tablet,Electronics,Apple,5,521.49,5,2477.08,524.27,Bank Transfer,Express,Delivered
ORD00814,2026-05-17,CUST0035,Sita KC,Biratnagar,Tablet,Electronics,Apple,1,501.57,10,451.41,57.08,Card,Standard,Processing
ORD00815,2026-05-30,CUST0040,Mia Smith,Pokhara,Keyboard,Accessories,Logitech,4,40.33,20,129.06,15.61,Khalti,Standard,Processing
ORD00816,2026-02-12,CUST0196,Sita Thapa,Lalitpur,Monitor,Electronics,LG,5,246.04,15,1045.67,123.19,Bank Transfer,Express,Delivered
ORD00817,2026-03-29,CUST0123,Mia Thapa,Chitwan,Tablet,Electronics,Apple,4,489.16,0,1956.64,255.22,Cash,Express,Processing
ORD00818,2026-06-12,CUST0208,Mason KC,Kathmandu,Tablet,Electronics,Apple,5,488.6,20,1954.4,225.92,Cash,Standard,Delivered
ORD00819,2026-01-11,CUST0242,Emma Sharma,Biratnagar,Headphones,Audio,Sony,3,123.75,5,352.69,46.59,Cash,Standard,Shipped
ORD00820,2026-05-22,CUST0064,Mason KC,Biratnagar,Laptop,Electronics,Dell,1,838.25,20,670.6,68.15,Card,Standard,Cancelled
ORD00821,2026-03-30,CUST0222,Bishal Smith,Biratnagar,Laptop,Electronics,Dell,2,867.02,20,1387.23,317.66,Khalti,Standard,Cancelled
ORD00822,2026-01-15,CUST0140,Mia Smith,Biratnagar,Mouse,Accessories,Logitech,4,20.53,20,65.7,12.84,Khalti,Standard,Delivered
ORD00823,2026-04-25,CUST0053,Ava Thapa,Kathmandu,Printer,Office,HP,3,189.24,10,510.95,88.96,Bank Transfer,Express,Cancelled
ORD00824,2026-05-24,CUST0021,Aarav Adhikari,Lalitpur,Smartphone,Electronics,Samsung,5,645.54,5,3066.31,380.48,Card,Standard,Processing
ORD00825,2026-02-25,CUST0197,Noah Adhikari,Pokhara,Laptop,Electronics,Dell,1,832.4,5,790.78,167.46,Bank Transfer,Express,Cancelled
ORD00826,2026-02-05,CUST0272,Bishal KC,Lalitpur,Headphones,Audio,Sony,2,124.27,20,198.83,39.58,eSewa,Standard,Processing
ORD00827,2026-06-08,CUST0245,Noah Sharma,Biratnagar,Laptop,Electronics,Dell,5,834.57,20,3338.28,749.84,Card,Express,Processing
ORD00828,2026-06-11,CUST0082,Mia Smith,Biratnagar,Mouse,Accessories,Logitech,1,32.36,5,30.74,2.69,Card,Standard,Processing
ORD00829,2026-01-13,CUST0204,Bishal Smith,Biratnagar,Monitor,Electronics,LG,3,204.12,5,581.74,126.08,Bank Transfer,Standard,Delivered
ORD00830,2026-02-20,CUST0264,Aarav KC,Butwal,Laptop,Electronics,Dell,5,848.27,15,3605.15,607.7,Cash,Express,Shipped
ORD00831,2026-02-10,CUST0104,Hari Sharma,Biratnagar,Headphones,Audio,Sony,5,130.26,10,586.17,103.85,Khalti,Express,Processing
ORD00832,2026-04-21,CUST0062,Hari Sharma,Chitwan,Monitor,Electronics,LG,5,244.01,20,976.04,89.27,Cash,Standard,Shipped
ORD00833,2026-03-21,CUST0205,Hari Adhikari,Lalitpur,Mouse,Accessories,Logitech,4,22.53,5,85.61,11.88,eSewa,Standard,Processing
ORD00834,2026-01-31,CUST0007,Mia KC,Pokhara,Printer,Office,HP,1,206.04,20,164.83,18.8,Card,Standard,Cancelled
ORD00835,2026-05-30,CUST0208,Aarav Thapa,Lalitpur,Printer,Office,HP,2,188.11,5,357.41,40.32,Cash,Express,Processing
ORD00836,2026-05-28,CUST0294,Mia Sharma,Butwal,Laptop,Electronics,Dell,5,880.9,15,3743.82,528.3,Khalti,Standard,Cancelled
ORD00837,2026-06-24,CUST0133,Sophia Thapa,Biratnagar,Mouse,Accessories,Logitech,3,12.53,10,33.83,5.27,Cash,Standard,Processing
ORD00838,2026-03-07,CUST0266,Noah Adhikari,Kathmandu,Tablet,Electronics,Apple,2,523.02,15,889.13,127.08,eSewa,Standard,Cancelled
ORD00839,2026-02-05,CUST0068,Mason KC,Butwal,Laptop,Electronics,Dell,1,865.7,10,779.13,92.94,Khalti,Express,Delivered
ORD00840,2026-01-25,CUST0232,Sophia Smith,Kathmandu,Keyboard,Accessories,Logitech,2,55.06,20,88.1,13.67,Card,Express,Cancelled
ORD00841,2026-01-25,CUST0136,Noah KC,Biratnagar,Monitor,Electronics,LG,5,208.72,10,939.24,143.58,Cash,Standard,Processing
ORD00842,2026-01-14,CUST0278,Bishal Smith,Pokhara,Mouse,Accessories,Logitech,5,33.49,0,167.45,13.58,Card,Standard,Shipped
ORD00843,2026-02-25,CUST0185,Bishal Smith,Butwal,Smartphone,Electronics,Samsung,4,678.06,10,2441.02,590.71,Cash,Standard,Processing
ORD00844,2026-02-05,CUST0278,Sophia Thapa,Lalitpur,Printer,Office,HP,5,217.04,20,868.16,146.61,eSewa,Express,Shipped
ORD00845,2026-04-13,CUST0233,Hari Adhikari,Biratnagar,Smartphone,Electronics,Samsung,3,634.17,10,1712.26,419.06,Bank Transfer,Standard,Processing
ORD00846,2026-03-21,CUST0088,Sita Smith,Pokhara,Keyboard,Accessories,Logitech,5,64.04,15,272.17,45.96,Khalti,Express,Cancelled
ORD00847,2026-02-23,CUST0165,Hari KC,Chitwan,Mouse,Accessories,Logitech,2,56.29,10,101.32,23.87,Bank Transfer,Express,Shipped
ORD00848,2026-04-07,CUST0015,Hari Sharma,Kathmandu,Mouse,Accessories,Logitech,3,50.46,20,121.1,14.24,Card,Standard,Processing
ORD00849,2026-01-05,CUST0273,Mia Adhikari,Lalitpur,Keyboard,Accessories,Logitech,4,69.14,0,276.56,63.09,Khalti,Standard,Delivered
ORD00850,2026-05-27,CUST0123,Aarav Smith,Butwal,Keyboard,Accessories,Logitech,2,27.82,10,50.08,9.0,Bank Transfer,Standard,Delivered
ORD00851,2026-02-24,CUST0247,Sita Sharma,Biratnagar,Headphones,Audio,Sony,2,102.29,15,173.89,22.96,Khalti,Standard,Shipped
ORD00852,2026-04-12,CUST0168,Bishal Thapa,Chitwan,Mouse,Accessories,Logitech,5,23.4,15,99.45,13.69,Cash,Express,Shipped
ORD00853,2026-01-31,CUST0190,Mason Sharma,Kathmandu,Monitor,Electronics,LG,3,240.6,20,577.44,91.59,eSewa,Standard,Delivered
ORD00854,2026-05-17,CUST0255,Hari Smith,Biratnagar,Laptop,Electronics,Dell,2,841.69,0,1683.38,229.38,Bank Transfer,Standard,Cancelled
ORD00855,2026-05-03,CUST0123,Hari Adhikari,Lalitpur,Mouse,Accessories,Logitech,5,39.33,0,196.65,31.54,Cash,Standard,Shipped
ORD00856,2026-01-09,CUST0029,Hari KC,Chitwan,Laptop,Electronics,Dell,3,844.42,10,2279.93,558.3,eSewa,Express,Processing
ORD00857,2026-06-24,CUST0004,Hari Adhikari,Lalitpur,Laptop,Electronics,Dell,2,866.77,5,1646.86,297.78,Bank Transfer,Standard,Processing
ORD00858,2026-05-29,CUST0196,Mia KC,Lalitpur,Headphones,Audio,Sony,1,137.85,5,130.96,24.9,Khalti,Express,Delivered
ORD00859,2026-03-12,CUST0150,Ava Smith,Lalitpur,Mouse,Accessories,Logitech,3,44.05,5,125.54,24.29,Cash,Standard,Delivered
ORD00860,2026-01-14,CUST0023,Noah Thapa,Kathmandu,Monitor,Electronics,LG,1,215.88,20,172.7,25.32,Khalti,Standard,Processing
ORD00861,2026-05-09,CUST0269,Sita Sharma,Kathmandu,Smartphone,Electronics,Samsung,2,653.45,0,1306.9,118.21,Khalti,Standard,Processing
ORD00862,2026-02-17,CUST0046,Ava Thapa,Butwal,Keyboard,Accessories,Logitech,1,67.21,15,57.13,13.49,eSewa,Express,Delivered
ORD00863,2026-01-27,CUST0214,Mason Thapa,Biratnagar,Keyboard,Accessories,Logitech,4,27.46,10,98.86,17.59,eSewa,Express,Processing
ORD00864,2026-05-06,CUST0006,Emma Smith,Butwal,Monitor,Electronics,LG,1,218.52,5,207.59,50.26,Khalti,Standard,Cancelled
ORD00865,2026-04-08,CUST0041,Olivia Thapa,Pokhara,Headphones,Audio,Sony,5,103.35,0,516.75,69.27,eSewa,Express,Delivered
ORD00866,2026-06-14,CUST0011,Noah Adhikari,Kathmandu,Keyboard,Accessories,Logitech,3,73.22,15,186.71,19.35,Bank Transfer,Express,Shipped
ORD00867,2026-06-02,CUST0083,Aarav Smith,Chitwan,Monitor,Electronics,LG,4,210.57,15,715.94,142.06,Khalti,Standard,Processing
ORD00868,2026-02-23,CUST0177,Ava Sharma,Butwal,Headphones,Audio,Sony,3,153.6,10,414.72,37.3,Cash,Express,Delivered
ORD00869,2026-05-25,CUST0024,Liam KC,Pokhara,Smartphone,Electronics,Samsung,2,677.1,15,1151.07,188.65,Card,Standard,Delivered
ORD00870,2026-04-27,CUST0018,Emma Adhikari,Butwal,Mouse,Accessories,Logitech,5,7.22,20,28.88,5.64,Khalti,Standard,Processing
ORD00871,2026-01-26,CUST0161,Aarav KC,Kathmandu,Tablet,Electronics,Apple,2,502.28,20,803.65,177.82,Card,Standard,Shipped
ORD00872,2026-02-25,CUST0244,Sita Sharma,Kathmandu,Monitor,Electronics,LG,1,248.79,5,236.35,25.27,Khalti,Express,Processing
ORD00873,2026-06-23,CUST0001,Mia KC,Butwal,Monitor,Electronics,LG,5,204.4,15,868.7,212.91,Card,Standard,Processing
ORD00874,2026-01-24,CUST0276,Mia Sharma,Chitwan,Mouse,Accessories,Logitech,1,36.31,15,30.86,5.63,Card,Express,Delivered
ORD00875,2026-06-23,CUST0136,Noah KC,Lalitpur,Tablet,Electronics,Apple,4,527.2,0,2108.8,226.7,Card,Express,Processing
ORD00876,2026-05-25,CUST0118,Mia Thapa,Biratnagar,Headphones,Audio,Sony,5,109.04,20,436.16,38.26,Bank Transfer,Standard,Processing
ORD00877,2026-01-03,CUST0047,Emma Sharma,Kathmandu,Keyboard,Accessories,Logitech,3,51.2,10,138.24,20.68,Cash,Standard,Cancelled
ORD00878,2026-02-05,CUST0011,Ava Sharma,Chitwan,Smartphone,Electronics,Samsung,4,668.01,5,2538.44,494.64,Khalti,Standard,Cancelled
ORD00879,2026-02-03,CUST0284,Sophia Smith,Chitwan,Headphones,Audio,Sony,3,100.98,15,257.5,57.97,Cash,Standard,Processing
ORD00880,2026-05-28,CUST0087,Noah Adhikari,Lalitpur,Keyboard,Accessories,Logitech,3,69.63,20,167.11,27.0,Cash,Standard,Processing
ORD00881,2026-06-03,CUST0127,Hari Thapa,Lalitpur,Headphones,Audio,Sony,4,104.04,5,395.35,37.92,Bank Transfer,Standard,Delivered
ORD00882,2026-01-09,CUST0261,Sophia Sharma,Butwal,Monitor,Electronics,LG,2,206.49,20,330.38,67.19,eSewa,Express,Processing
ORD00883,2026-03-19,CUST0100,Mason KC,Kathmandu,Headphones,Audio,Sony,5,126.07,20,504.28,88.28,Cash,Express,Delivered
ORD00884,2026-01-03,CUST0134,Mia KC,Chitwan,Laptop,Electronics,Dell,3,854.47,15,2178.9,393.3,Bank Transfer,Standard,Delivered
ORD00885,2026-03-27,CUST0064,Liam Sharma,Butwal,Smartphone,Electronics,Samsung,3,646.79,15,1649.31,315.98,eSewa,Express,Processing
ORD00886,2026-04-02,CUST0140,Sophia Adhikari,Kathmandu,Keyboard,Accessories,Logitech,1,67.62,5,64.24,5.51,Cash,Express,Shipped
ORD00887,2026-06-26,CUST0007,Sita Thapa,Pokhara,Mouse,Accessories,Logitech,2,45.45,10,81.81,17.95,Khalti,Standard,Delivered
ORD00888,2026-01-11,CUST0208,Mia Adhikari,Biratnagar,Printer,Office,HP,1,183.34,10,165.01,36.03,Bank Transfer,Standard,Cancelled
ORD00889,2026-04-18,CUST0292,Hari Sharma,Chitwan,Tablet,Electronics,Apple,4,512.55,10,1845.18,350.96,eSewa,Express,Delivered
ORD00890,2026-02-10,CUST0242,Mason Smith,Kathmandu,Monitor,Electronics,LG,4,225.38,0,901.52,176.8,Bank Transfer,Express,Cancelled
ORD00891,2026-05-25,CUST0267,Olivia Thapa,Butwal,Mouse,Accessories,Logitech,4,14.3,10,51.48,5.77,Bank Transfer,Express,Delivered
ORD00892,2026-02-04,CUST0088,Liam KC,Kathmandu,Tablet,Electronics,Apple,4,498.47,5,1894.19,393.29,Cash,Express,Delivered
ORD00893,2026-05-06,CUST0197,Liam KC,Chitwan,Keyboard,Accessories,Logitech,1,58.87,15,50.04,4.5,Bank Transfer,Express,Delivered
ORD00894,2026-03-10,CUST0168,Bishal Adhikari,Butwal,Mouse,Accessories,Logitech,5,17.5,5,83.12,8.21,Card,Standard,Processing
ORD00895,2026-02-24,CUST0220,Sophia KC,Butwal,Printer,Office,HP,1,160.17,15,136.14,11.65,Cash,Express,Delivered
ORD00896,2026-06-12,CUST0042,Hari KC,Chitwan,Headphones,Audio,Sony,1,139.88,5,132.89,22.38,Card,Express,Processing
ORD00897,2026-01-22,CUST0043,Liam Smith,Biratnagar,Mouse,Accessories,Logitech,5,54.67,15,232.35,49.71,eSewa,Express,Shipped
ORD00898,2026-01-25,CUST0119,Noah Sharma,Biratnagar,Printer,Office,HP,2,173.33,10,311.99,52.85,Bank Transfer,Express,Delivered
ORD00899,2026-02-04,CUST0170,Olivia Thapa,Pokhara,Mouse,Accessories,Logitech,2,5.02,5,9.54,1.03,Bank Transfer,Express,Processing
ORD00900,2026-05-27,CUST0084,Sophia Smith,Chitwan,Mouse,Accessories,Logitech,3,53.58,0,160.74,28.01,eSewa,Standard,Processing
ORD00901,2026-06-01,CUST0166,Olivia Thapa,Pokhara,Laptop,Electronics,Dell,1,858.96,15,730.12,60.76,eSewa,Standard,Delivered
ORD00902,2026-03-08,CUST0023,Hari Thapa,Lalitpur,Mouse,Accessories,Logitech,3,15.26,20,36.62,5.05,Bank Transfer,Express,Delivered
ORD00903,2026-03-13,CUST0125,Mason KC,Lalitpur,Smartphone,Electronics,Samsung,1,673.8,15,572.73,88.69,Card,Express,Delivered
ORD00904,2026-03-31,CUST0036,Olivia Adhikari,Chitwan,Monitor,Electronics,LG,3,234.36,0,703.08,64.81,Cash,Express,Shipped
ORD00905,2026-04-23,CUST0070,Mia Thapa,Kathmandu,Headphones,Audio,Sony,5,104.87,15,445.7,66.61,eSewa,Standard,Shipped
ORD00906,2026-05-22,CUST0209,Ava Smith,Biratnagar,Keyboard,Accessories,Logitech,1,75.44,15,64.12,10.22,Cash,Express,Delivered
ORD00907,2026-03-04,CUST0078,Aarav Adhikari,Lalitpur,Mouse,Accessories,Logitech,3,46.41,10,125.31,28.09,Cash,Standard,Shipped
ORD00908,2026-06-09,CUST0287,Liam Thapa,Lalitpur,Smartphone,Electronics,Samsung,4,675.95,5,2568.61,278.17,Cash,Standard,Cancelled
ORD00909,2026-01-31,CUST0163,Sophia Smith,Butwal,Laptop,Electronics,Dell,4,885.09,5,3363.34,760.39,Khalti,Standard,Delivered
ORD00910,2026-03-22,CUST0109,Sophia Smith,Chitwan,Headphones,Audio,Sony,5,156.63,10,704.84,98.12,Khalti,Standard,Cancelled
ORD00911,2026-04-26,CUST0020,Aarav Sharma,Butwal,Tablet,Electronics,Apple,4,491.81,20,1573.79,371.4,Card,Express,Shipped
ORD00912,2026-01-22,CUST0152,Emma KC,Butwal,Mouse,Accessories,Logitech,5,42.84,10,192.78,30.75,eSewa,Standard,Processing
ORD00913,2026-04-22,CUST0192,Noah KC,Chitwan,Smartphone,Electronics,Samsung,1,683.62,20,546.9,103.14,Khalti,Express,Processing
ORD00914,2026-06-27,CUST0097,Bishal Sharma,Biratnagar,Monitor,Electronics,LG,2,205.44,20,328.7,53.04,Khalti,Standard,Delivered
ORD00915,2026-06-09,CUST0189,Mia Adhikari,Butwal,Keyboard,Accessories,Logitech,3,28.24,10,76.25,15.4,Cash,Standard,Cancelled
ORD00916,2026-04-03,CUST0110,Sita KC,Biratnagar,Keyboard,Accessories,Logitech,4,59.52,10,214.27,24.7,Card,Express,Delivered
ORD00917,2026-01-01,CUST0152,Olivia Sharma,Butwal,Mouse,Accessories,Logitech,4,46.36,20,148.35,13.74,Cash,Standard,Processing
ORD00918,2026-01-20,CUST0188,Noah Thapa,Pokhara,Tablet,Electronics,Apple,1,487.69,15,414.54,62.5,Khalti,Express,Shipped
ORD00919,2026-02-22,CUST0076,Ava Smith,Biratnagar,Tablet,Electronics,Apple,5,512.86,0,2564.3,432.68,Cash,Standard,Processing
ORD00920,2026-03-03,CUST0022,Sophia Sharma,Chitwan,Laptop,Electronics,Dell,2,877.93,15,1492.48,184.04,eSewa,Express,Processing
ORD00921,2026-05-05,CUST0060,Liam Adhikari,Chitwan,Headphones,Audio,Sony,1,120.31,15,102.26,11.46,Card,Standard,Shipped
ORD00922,2026-03-03,CUST0098,Mia Adhikari,Pokhara,Monitor,Electronics,LG,2,226.62,15,385.25,79.18,Bank Transfer,Standard,Delivered
ORD00923,2026-01-30,CUST0277,Emma KC,Lalitpur,Laptop,Electronics,Dell,5,833.63,10,3751.33,592.13,Cash,Standard,Shipped
ORD00924,2026-01-17,CUST0197,Mason Adhikari,Lalitpur,Printer,Office,HP,5,196.47,10,884.12,206.22,Khalti,Standard,Cancelled
ORD00925,2026-03-09,CUST0244,Bishal Adhikari,Chitwan,Laptop,Electronics,Dell,1,867.26,20,693.81,69.61,eSewa,Standard,Shipped
ORD00926,2026-03-07,CUST0014,Aarav Smith,Pokhara,Monitor,Electronics,LG,3,255.97,15,652.72,153.8,Card,Express,Shipped
ORD00927,2026-05-09,CUST0278,Sophia KC,Butwal,Monitor,Electronics,LG,3,237.06,15,604.5,142.77,Card,Standard,Processing
ORD00928,2026-06-04,CUST0234,Hari KC,Lalitpur,Printer,Office,HP,1,216.52,10,194.87,42.63,Cash,Express,Cancelled
ORD00929,2026-03-08,CUST0035,Sophia Sharma,Butwal,Tablet,Electronics,Apple,4,534.72,5,2031.94,235.9,Khalti,Express,Shipped
ORD00930,2026-05-12,CUST0276,Emma KC,Kathmandu,Keyboard,Accessories,Logitech,5,50.03,10,225.14,44.08,Khalti,Standard,Delivered
ORD00931,2026-02-06,CUST0112,Mia KC,Pokhara,Tablet,Electronics,Apple,1,492.63,5,468.0,92.55,Card,Express,Shipped
ORD00932,2026-02-07,CUST0090,Emma KC,Chitwan,Headphones,Audio,Sony,5,157.96,15,671.33,83.39,Cash,Standard,Shipped
ORD00933,2026-01-12,CUST0200,Hari KC,Chitwan,Headphones,Audio,Sony,2,144.15,20,230.64,37.63,Khalti,Express,Processing
ORD00934,2026-01-20,CUST0003,Sophia KC,Chitwan,Headphones,Audio,Sony,5,138.67,0,693.35,63.26,Khalti,Express,Cancelled
ORD00935,2026-01-09,CUST0136,Hari KC,Kathmandu,Mouse,Accessories,Logitech,3,21.86,10,59.02,4.83,eSewa,Express,Delivered
ORD00936,2026-05-12,CUST0050,Mia Adhikari,Butwal,Monitor,Electronics,LG,3,202.92,0,608.76,58.04,Bank Transfer,Standard,Delivered
ORD00937,2026-02-08,CUST0136,Emma Smith,Kathmandu,Printer,Office,HP,5,203.33,0,1016.65,160.81,Cash,Standard,Delivered
ORD00938,2026-01-28,CUST0113,Liam Adhikari,Kathmandu,Mouse,Accessories,Logitech,2,61.67,20,98.67,10.9,Cash,Standard,Cancelled
ORD00939,2026-03-01,CUST0186,Olivia Smith,Lalitpur,Laptop,Electronics,Dell,4,886.93,5,3370.33,801.02,Khalti,Express,Processing
ORD00940,2026-03-15,CUST0119,Bishal Thapa,Kathmandu,Mouse,Accessories,Logitech,3,8.05,10,21.74,2.85,Card,Standard,Processing
ORD00941,2026-03-27,CUST0223,Aarav Smith,Biratnagar,Smartphone,Electronics,Samsung,1,646.75,20,517.4,58.94,Khalti,Standard,Delivered
ORD00942,2026-05-01,CUST0022,Ava Smith,Chitwan,Mouse,Accessories,Logitech,3,30.1,10,81.27,9.01,Khalti,Express,Shipped
ORD00943,2026-04-26,CUST0251,Emma Sharma,Biratnagar,Keyboard,Accessories,Logitech,1,80.64,10,72.58,6.15,Bank Transfer,Express,Cancelled
ORD00944,2026-06-14,CUST0213,Ava Thapa,Biratnagar,Tablet,Electronics,Apple,4,539.25,15,1833.45,440.33,Card,Express,Processing
ORD00945,2026-01-14,CUST0009,Bishal Adhikari,Pokhara,Laptop,Electronics,Dell,5,852.29,0,4261.45,704.55,Bank Transfer,Express,Cancelled
ORD00946,2026-05-27,CUST0041,Aarav Adhikari,Pokhara,Mouse,Accessories,Logitech,3,63.52,5,181.03,19.22,eSewa,Express,Delivered
ORD00947,2026-03-06,CUST0004,Mia Smith,Lalitpur,Laptop,Electronics,Dell,4,853.61,5,3243.72,737.39,Bank Transfer,Express,Cancelled
ORD00948,2026-04-26,CUST0194,Liam Adhikari,Kathmandu,Keyboard,Accessories,Logitech,3,29.83,20,71.59,15.58,Card,Standard,Delivered
ORD00949,2026-02-22,CUST0189,Olivia Adhikari,Butwal,Smartphone,Electronics,Samsung,2,633.56,10,1140.41,153.85,eSewa,Standard,Delivered
ORD00950,2026-03-15,CUST0137,Hari Sharma,Pokhara,Tablet,Electronics,Apple,4,509.31,5,1935.38,188.65,eSewa,Standard,Cancelled
ORD00951,2026-05-04,CUST0085,Emma Sharma,Butwal,Smartphone,Electronics,Samsung,3,666.56,10,1799.71,157.27,Card,Express,Cancelled
ORD00952,2026-03-03,CUST0040,Noah Sharma,Biratnagar,Keyboard,Accessories,Logitech,4,42.76,20,136.83,25.45,Cash,Express,Processing
ORD00953,2026-02-20,CUST0210,Mia Thapa,Chitwan,Smartphone,Electronics,Samsung,4,649.44,10,2337.98,579.16,Bank Transfer,Standard,Shipped
ORD00954,2026-03-19,CUST0065,Mason KC,Butwal,Laptop,Electronics,Dell,1,837.11,5,795.25,111.06,Cash,Express,Processing
ORD00955,2026-03-17,CUST0137,Liam Thapa,Lalitpur,Printer,Office,HP,1,184.8,20,147.84,36.56,eSewa,Standard,Cancelled
ORD00956,2026-01-04,CUST0001,Olivia Thapa,Pokhara,Keyboard,Accessories,Logitech,5,47.83,0,239.15,33.86,eSewa,Standard,Shipped
ORD00957,2026-01-31,CUST0077,Olivia KC,Kathmandu,Mouse,Accessories,Logitech,4,7.75,10,27.9,6.94,Bank Transfer,Standard,Delivered
ORD00958,2026-03-23,CUST0111,Sita Adhikari,Butwal,Tablet,Electronics,Apple,3,481.21,15,1227.09,140.41,Khalti,Express,Delivered
ORD00959,2026-01-10,CUST0290,Emma Thapa,Kathmandu,Monitor,Electronics,LG,2,233.04,0,466.08,108.46,Cash,Standard,Delivered
ORD00960,2026-03-09,CUST0237,Sita Sharma,Chitwan,Monitor,Electronics,LG,2,217.46,15,369.68,36.78,Bank Transfer,Standard,Delivered
ORD00961,2026-01-28,CUST0074,Mason Sharma,Butwal,Tablet,Electronics,Apple,2,517.58,0,1035.16,169.19,Cash,Standard,Delivered
ORD00962,2026-02-25,CUST0093,Sophia Thapa,Biratnagar,Tablet,Electronics,Apple,5,501.18,20,2004.72,430.66,Khalti,Express,Delivered
ORD00963,2026-04-27,CUST0093,Ava Sharma,Kathmandu,Printer,Office,HP,3,206.41,10,557.31,120.36,Card,Standard,Cancelled
ORD00964,2026-04-01,CUST0175,Mia KC,Chitwan,Mouse,Accessories,Logitech,5,34.45,20,137.8,22.71,Khalti,Standard,Delivered
ORD00965,2026-05-24,CUST0258,Olivia Thapa,Biratnagar,Monitor,Electronics,LG,3,204.27,5,582.17,124.62,Card,Standard,Shipped
ORD00966,2026-01-04,CUST0013,Bishal Smith,Chitwan,Monitor,Electronics,LG,1,241.8,5,229.71,48.57,Cash,Standard,Cancelled
ORD00967,2026-03-26,CUST0207,Ava Thapa,Pokhara,Smartphone,Electronics,Samsung,5,645.15,20,2580.6,496.32,eSewa,Express,Processing
ORD00968,2026-03-30,CUST0100,Ava Sharma,Chitwan,Mouse,Accessories,Logitech,5,14.15,10,63.68,9.53,Card,Standard,Processing
ORD00969,2026-04-26,CUST0163,Ava Sharma,Biratnagar,Smartphone,Electronics,Samsung,3,653.63,0,1960.89,193.58,Cash,Express,Cancelled
ORD00970,2026-03-01,CUST0112,Emma KC,Chitwan,Tablet,Electronics,Apple,5,532.1,20,2128.4,430.91,eSewa,Standard,Cancelled
ORD00971,2026-04-12,CUST0223,Bishal Thapa,Kathmandu,Keyboard,Accessories,Logitech,4,59.63,15,202.74,44.16,eSewa,Express,Delivered
ORD00972,2026-06-02,CUST0161,Sita Adhikari,Kathmandu,Laptop,Electronics,Dell,4,857.2,15,2914.48,289.32,Khalti,Standard,Cancelled
ORD00973,2026-03-18,CUST0116,Bishal Smith,Lalitpur,Printer,Office,HP,2,201.63,15,342.77,37.84,Cash,Express,Processing
ORD00974,2026-04-13,CUST0230,Liam Adhikari,Biratnagar,Tablet,Electronics,Apple,5,532.01,5,2527.05,583.86,eSewa,Standard,Shipped
ORD00975,2026-04-20,CUST0261,Mia Thapa,Butwal,Printer,Office,HP,4,171.41,15,582.79,133.05,Cash,Standard,Shipped
ORD00976,2026-04-19,CUST0170,Mia Thapa,Lalitpur,Printer,Office,HP,3,179.79,20,431.5,41.41,Bank Transfer,Standard,Delivered
ORD00977,2026-04-10,CUST0181,Mason Smith,Kathmandu,Headphones,Audio,Sony,1,152.62,20,122.1,14.6,Khalti,Standard,Delivered
ORD00978,2026-02-05,CUST0244,Mason Smith,Kathmandu,Monitor,Electronics,LG,5,203.16,10,914.22,199.26,Bank Transfer,Standard,Shipped
ORD00979,2026-04-27,CUST0022,Emma Smith,Butwal,Mouse,Accessories,Logitech,5,39.31,15,167.07,23.09,Card,Express,Processing
ORD00980,2026-04-23,CUST0162,Ava Sharma,Chitwan,Monitor,Electronics,LG,2,236.87,20,378.99,60.12,eSewa,Express,Cancelled
ORD00981,2026-04-27,CUST0086,Sophia Sharma,Lalitpur,Mouse,Accessories,Logitech,4,49.82,15,169.39,15.48,eSewa,Standard,Cancelled
ORD00982,2026-01-20,CUST0039,Hari Adhikari,Biratnagar,Keyboard,Accessories,Logitech,4,78.44,0,313.76,50.01,Bank Transfer,Standard,Delivered
ORD00983,2026-01-26,CUST0052,Olivia Sharma,Lalitpur,Laptop,Electronics,Dell,4,861.82,0,3447.28,299.04,eSewa,Express,Shipped
ORD00984,2026-03-13,CUST0230,Noah KC,Butwal,Headphones,Audio,Sony,1,100.78,10,90.7,9.44,Bank Transfer,Standard,Shipped
ORD00985,2026-05-13,CUST0223,Mia Sharma,Chitwan,Laptop,Electronics,Dell,5,863.78,5,4102.95,404.66,Card,Standard,Processing
ORD00986,2026-03-18,CUST0132,Emma Smith,Kathmandu,Headphones,Audio,Sony,5,104.61,10,470.74,66.2,Khalti,Standard,Cancelled
ORD00987,2026-02-11,CUST0280,Sophia Thapa,Lalitpur,Keyboard,Accessories,Logitech,2,29.6,15,50.32,8.79,Cash,Standard,Processing
ORD00988,2026-01-31,CUST0223,Sophia Sharma,Pokhara,Smartphone,Electronics,Samsung,3,682.15,10,1841.8,158.86,Card,Standard,Cancelled
ORD00989,2026-02-28,CUST0237,Hari Thapa,Butwal,Laptop,Electronics,Dell,1,852.28,15,724.44,127.63,Khalti,Express,Processing
ORD00990,2026-02-15,CUST0025,Bishal Smith,Butwal,Keyboard,Accessories,Logitech,5,79.59,10,358.16,29.13,Khalti,Standard,Processing
ORD00991,2026-03-31,CUST0044,Ava Sharma,Lalitpur,Smartphone,Electronics,Samsung,3,670.13,0,2010.39,453.85,eSewa,Express,Cancelled
ORD00992,2026-01-08,CUST0272,Sophia KC,Biratnagar,Laptop,Electronics,Dell,2,836.91,15,1422.75,117.87,Cash,Express,Cancelled
ORD00993,2026-06-18,CUST0115,Sophia Sharma,Chitwan,Tablet,Electronics,Apple,1,509.68,15,433.23,102.01,eSewa,Express,Delivered
ORD00994,2026-03-24,CUST0001,Sita Adhikari,Lalitpur,Mouse,Accessories,Logitech,4,43.33,15,147.32,21.92,Khalti,Standard,Cancelled
ORD00995,2026-06-30,CUST0100,Olivia Adhikari,Biratnagar,Smartphone,Electronics,Samsung,1,678.56,0,678.56,104.05,Cash,Standard,Processing
ORD00996,2026-01-06,CUST0150,Hari Smith,Biratnagar,Tablet,Electronics,Apple,1,480.65,10,432.58,68.89,Khalti,Express,Shipped
ORD00997,2026-03-05,CUST0055,Bishal Sharma,Butwal,Laptop,Electronics,Dell,1,835.59,20,668.47,73.52,Bank Transfer,Express,Delivered
ORD00998,2026-02-19,CUST0133,Bishal Thapa,Pokhara,Keyboard,Accessories,Logitech,1,51.62,15,43.88,7.28,Card,Standard,Cancelled
ORD00999,2026-03-08,CUST0188,Liam Sharma,Pokhara,Monitor,Electronics,LG,1,204.15,20,163.32,38.4,Card,Express,Processing
ORD01000,2026-06-29,CUST0253,Olivia KC,Butwal,Monitor,Electronics,LG,1,236.34,20,189.07,31.17,Card,Express,Delivered
